x-axis,1,2
second,Volt,Volt
-29.10000E-06,,
-29.07500E-06,,
-29.05000E-06,+150.75376723E-03,+0.0E+00
-29.02500E-06,+160.80401838E-03,-60.30150689E-03
-29.00000E-06,+146.73366677E-03,+0.0E+00
-28.97500E-06,+148.74371700E-03,-20.10050230E-03
-28.95000E-06,+161.80904349E-03,+20.10050230E-03
-28.92500E-06,+171.85929464E-03,+0.0E+00
-28.90000E-06,+165.82914395E-03,+20.10050230E-03
-28.87500E-06,+160.80401838E-03,+0.0E+00
-28.85000E-06,+170.60301325E-03,-20.10050230E-03
-28.82500E-06,+184.92462113E-03,+0.0E+00
-28.80000E-06,+182.91457091E-03,-55.27638132E-03
-28.77500E-06,+169.59798813E-03,-80.40200919E-03
-28.75000E-06,+186.68341509E-03,+0.0E+00
-28.72500E-06,+201.00502297E-03,+0.0E+00
-28.70000E-06,+194.97487228E-03,+0.0E+00
-28.67500E-06,+180.90452068E-03,+0.0E+00
-28.65000E-06,+196.73366623E-03,-20.10050230E-03
-28.62500E-06,+203.76884204E-03,+0.0E+00
-28.60000E-06,+205.02512343E-03,+0.0E+00
-28.57500E-06,+197.98994763E-03,+0.0E+00
-28.55000E-06,+196.98492251E-03,-55.27638132E-03
-28.52500E-06,+217.83919365E-03,+0.0E+00
-28.50000E-06,+221.10552527E-03,+0.0E+00
-28.47500E-06,+214.07034947E-03,+0.0E+00
-28.45000E-06,+207.78894250E-03,-20.10050230E-03
-28.42500E-06,+220.85426899E-03,-60.30150689E-03
-28.40000E-06,+226.13065084E-03,+20.10050230E-03
-28.37500E-06,+222.11055038E-03,+0.0E+00
-28.35000E-06,+215.82914342E-03,+20.10050230E-03
-28.32500E-06,+221.85929411E-03,+15.07537672E-03
-28.30000E-06,+235.92964571E-03,+0.0E+00
-28.27500E-06,+230.15075130E-03,+0.0E+00
-28.25000E-06,+219.84924388E-03,+0.0E+00
-28.22500E-06,+231.90954525E-03,-60.30150689E-03
-28.20000E-06,+245.22612803E-03,+0.0E+00
-28.17500E-06,+237.18592711E-03,+0.0E+00
-28.15000E-06,+229.14572619E-03,+0.0E+00
-28.12500E-06,+235.92964571E-03,+0.0E+00
-28.10000E-06,+252.01004755E-03,+55.27638132E-03
-28.07500E-06,+244.22110291E-03,+0.0E+00
-28.05000E-06,+231.90954525E-03,-20.10050230E-03
-28.02500E-06,+242.96482152E-03,+0.0E+00
-28.00000E-06,+256.03014801E-03,+0.0E+00
-27.97500E-06,+253.26632895E-03,+0.0E+00
-27.95000E-06,+238.19095222E-03,+0.0E+00
-27.92500E-06,+246.98492198E-03,+40.20100459E-03
-27.90000E-06,+260.05024847E-03,+0.0E+00
-27.87500E-06,+256.28140429E-03,+15.07537672E-03
-27.85000E-06,+239.94974617E-03,-55.27638132E-03
-27.82500E-06,+247.98994709E-03,-80.40200919E-03
-27.80000E-06,+260.05024847E-03,-55.27638132E-03
-27.77500E-06,+256.28140429E-03,+0.0E+00
-27.75000E-06,+243.21607780E-03,+0.0E+00
-27.72500E-06,+247.98994709E-03,+0.0E+00
-27.70000E-06,+264.07034893E-03,+0.0E+00
-27.67500E-06,+262.31155498E-03,+15.07537672E-03
-27.65000E-06,+242.21105268E-03,+0.0E+00
-27.62500E-06,+242.96482152E-03,-60.30150689E-03
-27.60000E-06,+259.04522336E-03,+0.0E+00
-27.57500E-06,+254.27135406E-03,+0.0E+00
-27.55000E-06,+243.21607780E-03,-55.27638132E-03
-27.52500E-06,+244.97487175E-03,+0.0E+00
-27.50000E-06,+258.04019824E-03,+0.0E+00
-27.47500E-06,+255.27637918E-03,+0.0E+00
-27.45000E-06,+239.19597734E-03,-20.10050230E-03
-27.42500E-06,+242.96482152E-03,-60.30150689E-03
-27.40000E-06,+256.03014801E-03,+55.27638132E-03
-27.37500E-06,+256.28140429E-03,-15.07537672E-03
-27.35000E-06,+238.19095222E-03,+20.10050230E-03
-27.32500E-06,+239.94974617E-03,+0.0E+00
-27.30000E-06,+249.24622849E-03,+0.0E+00
-27.27500E-06,+243.21607780E-03,+0.0E+00
-27.25000E-06,+233.16582665E-03,-20.10050230E-03
-27.22500E-06,+242.96482152E-03,-60.30150689E-03
-27.20000E-06,+249.24622849E-03,-20.10050230E-03
-27.17500E-06,+239.19597734E-03,+0.0E+00
-27.15000E-06,+226.13065084E-03,+0.0E+00
-27.12500E-06,+231.90954525E-03,+0.0E+00
-27.10000E-06,+245.22612803E-03,+0.0E+00
-27.07500E-06,+237.18592711E-03,+0.0E+00
-27.05000E-06,+217.08542481E-03,-20.10050230E-03
-27.02500E-06,+234.92462060E-03,-15.07537672E-03
-27.00000E-06,+237.18592711E-03,+0.0E+00
-26.97500E-06,+229.14572619E-03,+0.0E+00
-26.95000E-06,+218.09044993E-03,-55.27638132E-03
-26.92500E-06,+230.90452014E-03,+60.30150689E-03
-26.90000E-06,+233.16582665E-03,+0.0E+00
-26.87500E-06,+212.06029924E-03,+0.0E+00
-26.85000E-06,+211.80904296E-03,-20.10050230E-03
-26.82500E-06,+225.87939457E-03,+0.0E+00
-26.80000E-06,+220.10050016E-03,-55.27638132E-03
-26.77500E-06,+204.02009832E-03,-15.07537672E-03
-26.75000E-06,+206.78391738E-03,+0.0E+00
-26.72500E-06,+221.85929411E-03,+0.0E+00
-26.70000E-06,+211.05527412E-03,+55.27638132E-03
-26.67500E-06,+192.96482205E-03,+0.0E+00
-26.65000E-06,+209.79899273E-03,+0.0E+00
-26.62500E-06,+213.06532435E-03,+0.0E+00
-26.60000E-06,+201.00502297E-03,+0.0E+00
-26.57500E-06,+194.72361600E-03,+0.0E+00
-26.55000E-06,+202.76381692E-03,+0.0E+00
-26.52500E-06,+204.02009832E-03,+60.30150689E-03
-26.50000E-06,+193.96984717E-03,+0.0E+00
-26.47500E-06,+187.68844020E-03,-60.30150689E-03
-26.45000E-06,+194.72361600E-03,-20.10050230E-03
-26.42500E-06,+194.97487228E-03,+15.07537672E-03
-26.40000E-06,+179.89949556E-03,-55.27638132E-03
-26.37500E-06,+174.62311371E-03,+0.0E+00
-26.35000E-06,+186.68341509E-03,+0.0E+00
-26.32500E-06,+188.94472159E-03,+0.0E+00
-26.30000E-06,+169.84924441E-03,+55.27638132E-03
-26.27500E-06,+158.54271187E-03,+0.0E+00
-26.25000E-06,+175.62813882E-03,-20.10050230E-03
-26.22500E-06,+170.85426953E-03,+0.0E+00
-26.20000E-06,+147.73869189E-03,+0.0E+00
-26.17500E-06,+141.45728492E-03,-80.40200919E-03
-26.15000E-06,+157.53768675E-03,-55.27638132E-03
-26.12500E-06,+154.77386769E-03,+60.30150689E-03
-26.10000E-06,+133.66834028E-03,+55.27638132E-03
-26.07500E-06,+130.40200865E-03,+0.0E+00
-26.05000E-06,+140.45225980E-03,-20.10050230E-03
-26.02500E-06,+136.68341562E-03,-60.30150689E-03
-26.00000E-06,+119.59798867E-03,+0.0E+00
-25.97500E-06,+114.32160682E-03,+0.0E+00
-25.95000E-06,+128.39195842E-03,+0.0E+00
-25.92500E-06,+122.61306401E-03,+0.0E+00
-25.90000E-06,+94.47236080E-03,-20.10050230E-03
-25.87500E-06,+99.24623009E-03,+0.0E+00
-25.85000E-06,+110.30150636E-03,+55.27638132E-03
-25.82500E-06,+102.51256172E-03,+0.0E+00
-25.80000E-06,+78.39195896E-03,+0.0E+00
-25.77500E-06,+87.18592871E-03,-15.07537672E-03
-25.75000E-06,+95.22612963E-03,+20.10050230E-03
-25.72500E-06,+84.42210965E-03,+0.0E+00
-25.70000E-06,+66.33165758E-03,+0.0E+00
-25.67500E-06,+77.13567757E-03,+0.0E+00
-25.65000E-06,+82.16080314E-03,-20.10050230E-03
-25.62500E-06,+66.33165758E-03,+0.0E+00
-25.60000E-06,+53.26633109E-03,-55.27638132E-03
-25.57500E-06,+54.02009992E-03,+0.0E+00
-25.55000E-06,+66.08040130E-03,+0.0E+00
-25.52500E-06,+52.26130597E-03,+0.0E+00
-25.50000E-06,+33.16582879E-03,+0.0E+00
-25.47500E-06,+34.92462274E-03,+0.0E+00
-25.45000E-06,+45.97989901E-03,+0.0E+00
-25.42500E-06,+33.16582879E-03,-60.30150689E-03
-25.40000E-06,+13.06532649E-03,+0.0E+00
-25.37500E-06,+24.12060276E-03,+0.0E+00
-25.35000E-06,+28.14070322E-03,+0.0E+00
-25.32500E-06,+13.06532649E-03,+0.0E+00
-25.30000E-06,-1.00502511E-03,-20.10050230E-03
-25.27500E-06,+8.79396976E-03,+0.0E+00
-25.25000E-06,+8.04020092E-03,+0.0E+00
-25.22500E-06,-16.83417067E-03,-15.07537672E-03
-25.20000E-06,-20.10050230E-03,-55.27638132E-03
-25.17500E-06,-7.03517580E-03,+0.0E+00
-25.15000E-06,-13.81909533E-03,+20.10050230E-03
-25.12500E-06,-36.18090414E-03,+0.0E+00
-25.10000E-06,-34.17085391E-03,+0.0E+00
-25.07500E-06,-22.11055253E-03,+15.07537672E-03
-25.05000E-06,-33.91959763E-03,+0.0E+00
-25.02500E-06,-51.25628086E-03,+0.0E+00
-25.00000E-06,-46.23115528E-03,-55.27638132E-03
-24.97500E-06,-40.20100459E-03,-15.07537672E-03
-24.95000E-06,-57.03517527E-03,+20.10050230E-03
-24.92500E-06,-64.32160735E-03,+0.0E+00
-24.90000E-06,-59.29648178E-03,+0.0E+00
-24.87500E-06,-54.02009992E-03,+15.07537672E-03
-24.85000E-06,-73.11557711E-03,-20.10050230E-03
-24.82500E-06,-86.43215988E-03,-60.30150689E-03
-24.80000E-06,-75.37688361E-03,+0.0E+00
-24.77500E-06,-73.11557711E-03,-15.07537672E-03
-24.75000E-06,-93.21607940E-03,+20.10050230E-03
-24.72500E-06,-102.51256172E-03,+0.0E+00
-24.70000E-06,-92.46231057E-03,-20.10050230E-03
-24.67500E-06,-92.46231057E-03,+0.0E+00
-24.65000E-06,-113.31658170E-03,+0.0E+00
-24.62500E-06,-121.60803890E-03,-60.30150689E-03
-24.60000E-06,-113.56783798E-03,+0.0E+00
-24.57500E-06,-112.31155659E-03,+0.0E+00
-24.55000E-06,-132.41205888E-03,+0.0E+00
-24.52500E-06,-134.67336539E-03,+0.0E+00
-24.50000E-06,-131.65829005E-03,+0.0E+00
-24.47500E-06,-129.39698354E-03,+0.0E+00
-24.45000E-06,-146.48241049E-03,-20.10050230E-03
-24.42500E-06,-155.77889280E-03,-15.07537672E-03
-24.40000E-06,-143.71859143E-03,-55.27638132E-03
-24.37500E-06,-146.48241049E-03,+0.0E+00
-24.35000E-06,-165.57788767E-03,-55.27638132E-03
-24.32500E-06,-170.85426953E-03,-15.07537672E-03
-24.30000E-06,-157.78894303E-03,+0.0E+00
-24.27500E-06,-160.80401838E-03,+60.30150689E-03
-24.25000E-06,-178.64321417E-03,+0.0E+00
-24.22500E-06,-183.91959602E-03,-60.30150689E-03
-24.20000E-06,-178.89447045E-03,-55.27638132E-03
-24.17500E-06,-171.60803836E-03,+0.0E+00
-24.15000E-06,-185.67838997E-03,+0.0E+00
-24.12500E-06,-199.99999786E-03,-15.07537672E-03
-24.10000E-06,-186.93467136E-03,-20.10050230E-03
-24.07500E-06,-185.67838997E-03,+0.0E+00
-24.05000E-06,-225.87939457E-03,+1.30653264932E+00
-24.02500E-06,-188.94472159E-03,+999.99998929E-03
-24.00000E-06,-261.30652986E-03,+2.59296479635E+00
-23.97500E-06,-263.06532382E-03,+3.73869342729E+00
-23.95000E-06,-219.84924388E-03,+4.66331653297E+00
-23.92500E-06,-247.23617826E-03,+4.82412055135E+00
-23.90000E-06,-232.16080153E-03,+4.90452256054E+00
-23.87500E-06,-201.00502297E-03,+4.99999994645E+00
-23.85000E-06,-246.98492198E-03,+4.92462306283E+00
-23.82500E-06,-248.24120337E-03,+4.90452256054E+00
-23.80000E-06,-231.15577642E-03,+4.90452256054E+00
-23.77500E-06,-231.90954525E-03,+4.91959793726E+00
-23.75000E-06,-228.89446991E-03,+5.04020095104E+00
-23.72500E-06,-252.26130383E-03,+5.06532657892E+00
-23.70000E-06,-247.23617826E-03,+5.00502507202E+00
-23.67500E-06,-233.16582665E-03,+5.06532657892E+00
-23.65000E-06,-249.99999732E-03,+5.06532657892E+00
-23.62500E-06,-261.30652986E-03,+5.06532657892E+00
-23.60000E-06,-258.29145452E-03,+5.06532657892E+00
-23.57500E-06,-249.24622849E-03,+5.06532657892E+00
-23.55000E-06,-257.03517313E-03,+5.12060296023E+00
-23.52500E-06,-277.38693170E-03,+5.12562808581E+00
-23.50000E-06,-274.37185636E-03,+5.06532657892E+00
-23.47500E-06,-252.26130383E-03,+5.06532657892E+00
-23.45000E-06,-260.05024847E-03,+5.06532657892E+00
-23.42500E-06,-278.14070054E-03,+5.12562808581E+00
-23.40000E-06,-276.38190659E-03,+5.04020095104E+00
-23.37500E-06,-262.06029870E-03,+5.06532657892E+00
-23.35000E-06,-260.05024847E-03,+5.06532657892E+00
-23.32500E-06,-289.44723308E-03,+5.06532657892E+00
-23.30000E-06,-286.43215774E-03,+5.04020095104E+00
-23.27500E-06,-278.39195682E-03,+5.06532657892E+00
-23.25000E-06,-277.38693170E-03,+5.00502507202E+00
-23.22500E-06,-294.22110238E-03,+5.06532657892E+00
-23.20000E-06,-298.49245911E-03,+5.00502507202E+00
-23.17500E-06,-291.45728331E-03,+4.99999994645E+00
-23.15000E-06,-284.17085123E-03,+5.06532657892E+00
-23.12500E-06,-301.50753446E-03,+5.06532657892E+00
-23.10000E-06,-308.29145398E-03,+5.06532657892E+00
-23.07500E-06,-298.49245911E-03,+5.06532657892E+00
-23.05000E-06,-286.43215774E-03,+5.06532657892E+00
-23.02500E-06,-297.23617772E-03,+5.06532657892E+00
-23.00000E-06,-312.31155444E-03,+5.06532657892E+00
-22.97500E-06,-300.50250934E-03,+5.06532657892E+00
-22.95000E-06,-291.45728331E-03,+4.98492456973E+00
-22.92500E-06,-301.25627818E-03,+5.06532657892E+00
-22.90000E-06,-317.58793630E-03,+5.06532657892E+00
-22.87500E-06,-308.54271026E-03,+4.99999994645E+00
-22.85000E-06,-298.49245911E-03,+5.06532657892E+00
-22.82500E-06,-303.26632841E-03,+4.98492456973E+00
-22.80000E-06,-322.36180559E-03,+5.06532657892E+00
-22.77500E-06,-315.57788607E-03,+4.99999994645E+00
-22.75000E-06,-299.49748423E-03,+5.06532657892E+00
-22.72500E-06,-304.27135353E-03,+5.06532657892E+00
-22.70000E-06,-316.33165490E-03,+5.12060296023E+00
-22.67500E-06,-318.59296141E-03,+5.06532657892E+00
-22.65000E-06,-304.52260980E-03,+5.04020095104E+00
-22.62500E-06,-299.24622795E-03,+4.99999994645E+00
-22.60000E-06,-314.32160467E-03,+5.06532657892E+00
-22.57500E-06,-320.60301164E-03,+5.06532657892E+00
-22.55000E-06,-303.51758469E-03,+5.04020095104E+00
-22.52500E-06,-295.22612749E-03,+5.06532657892E+00
-22.50000E-06,-318.34170513E-03,+5.04020095104E+00
-22.47500E-06,-323.61808699E-03,+5.06532657892E+00
-22.45000E-06,-307.53768515E-03,+5.06532657892E+00
-22.42500E-06,-297.48743400E-03,+5.06532657892E+00
-22.40000E-06,-304.27135353E-03,+5.06532657892E+00
-22.37500E-06,-320.60301164E-03,+5.06532657892E+00
-22.35000E-06,-310.55276049E-03,+5.06532657892E+00
-22.32500E-06,-293.46733354E-03,+5.06532657892E+00
-22.30000E-06,-306.28140375E-03,+5.06532657892E+00
-22.27500E-06,-317.58793630E-03,+5.08040195564E+00
-22.25000E-06,-302.51255957E-03,+5.00502507202E+00
-22.22500E-06,-292.46230843E-03,+5.06532657892E+00
-22.20000E-06,-302.26130330E-03,+5.04020095104E+00
-22.17500E-06,-310.30150421E-03,+5.06532657892E+00
-22.15000E-06,-303.51758469E-03,+5.06532657892E+00
-22.12500E-06,-288.44220797E-03,+5.06532657892E+00
-22.10000E-06,-285.42713262E-03,+5.06532657892E+00
-22.07500E-06,-305.52763492E-03,+5.06532657892E+00
-22.05000E-06,-300.50250934E-03,+5.00502507202E+00
-22.02500E-06,-284.42210751E-03,+5.06532657892E+00
-22.00000E-06,-282.16080100E-03,+5.06532657892E+00
-21.97500E-06,-291.20602703E-03,+5.06532657892E+00
-21.95000E-06,-290.45225820E-03,+4.98492456973E+00
-21.92500E-06,-277.38693170E-03,+5.06532657892E+00
-21.90000E-06,-275.12562519E-03,+5.12060296023E+00
-21.87500E-06,-284.17085123E-03,+5.06532657892E+00
-21.85000E-06,-287.43718285E-03,+5.06532657892E+00
-21.82500E-06,-273.36683124E-03,+4.99999994645E+00
-21.80000E-06,-261.30652986E-03,+5.00502507202E+00
-21.77500E-06,-272.11054985E-03,+5.08040195564E+00
-21.75000E-06,-281.40703216E-03,+5.00502507202E+00
-21.72500E-06,-266.33165544E-03,+5.06532657892E+00
-21.70000E-06,-251.25627872E-03,+5.00502507202E+00
-21.67500E-06,-261.05527359E-03,+5.06532657892E+00
-21.65000E-06,-273.36683124E-03,+5.06532657892E+00
-21.62500E-06,-265.32663032E-03,+5.06532657892E+00
-21.60000E-06,-244.22110291E-03,+5.04020095104E+00
-21.57500E-06,-252.01004755E-03,+5.08040195564E+00
-21.55000E-06,-261.30652986E-03,+5.06532657892E+00
-21.52500E-06,-254.27135406E-03,+5.06532657892E+00
-21.50000E-06,-235.17587688E-03,+5.00502507202E+00
-21.47500E-06,-231.90954525E-03,+5.06532657892E+00
-21.45000E-06,-249.24622849E-03,+5.08542708121E+00
-21.42500E-06,-247.23617826E-03,+5.06532657892E+00
-21.40000E-06,-226.13065084E-03,+5.04020095104E+00
-21.37500E-06,-217.83919365E-03,+5.08040195564E+00
-21.35000E-06,-233.91959548E-03,+5.06532657892E+00
-21.32500E-06,-228.14070107E-03,+4.99999994645E+00
-21.30000E-06,-217.08542481E-03,+5.06532657892E+00
-21.27500E-06,-209.79899273E-03,+5.06532657892E+00
-21.25000E-06,-216.83416853E-03,+5.06532657892E+00
-21.22500E-06,-222.11055038E-03,+5.06532657892E+00
-21.20000E-06,-210.05024901E-03,+5.04020095104E+00
-21.17500E-06,-188.94472159E-03,+5.08040195564E+00
-21.15000E-06,-201.75879181E-03,+5.06532657892E+00
-21.12500E-06,-208.04019878E-03,+5.06532657892E+00
-21.10000E-06,-191.95979694E-03,+5.12060296023E+00
-21.07500E-06,-173.61808859E-03,+5.06532657892E+00
-21.05000E-06,-180.90452068E-03,+5.06532657892E+00
-21.02500E-06,-193.71859089E-03,+5.06532657892E+00
-21.00000E-06,-185.92964625E-03,+5.06532657892E+00
-20.97500E-06,-164.82411884E-03,+4.98492456973E+00
-20.95000E-06,-165.57788767E-03,+5.04020095104E+00
-20.92500E-06,-173.61808859E-03,+5.06532657892E+00
-20.90000E-06,-170.85426953E-03,+5.06532657892E+00
-20.87500E-06,-148.74371700E-03,+5.02010044875E+00
-20.85000E-06,-143.46733515E-03,+5.06532657892E+00
-20.82500E-06,-158.54271187E-03,+5.06532657892E+00
-20.80000E-06,-159.54773698E-03,+5.04020095104E+00
-20.77500E-06,-142.71356631E-03,+5.04522607662E+00
-20.75000E-06,-128.64321470E-03,+5.06532657892E+00
-20.72500E-06,-139.44723469E-03,+5.06532657892E+00
-20.70000E-06,-144.72361654E-03,+5.06532657892E+00
-20.67500E-06,-123.61808913E-03,+4.99999994645E+00
-20.65000E-06,-110.55276264E-03,+5.06532657892E+00
-20.62500E-06,-123.36683285E-03,+5.06532657892E+00
-20.60000E-06,-127.38693331E-03,+5.04020095104E+00
-20.57500E-06,-110.55276264E-03,+5.06532657892E+00
-20.55000E-06,-96.48241103E-03,+5.08542708121E+00
-20.52500E-06,-99.24623009E-03,+5.04522607662E+00
-20.50000E-06,-108.54271241E-03,+5.08542708121E+00
-20.47500E-06,-99.49748637E-03,+5.12562808581E+00
-20.45000E-06,-79.39698407E-03,+5.06532657892E+00
-20.42500E-06,-79.14572780E-03,+5.06532657892E+00
-20.40000E-06,-93.21607940E-03,+5.06532657892E+00
-20.37500E-06,-79.39698407E-03,+5.08040195564E+00
-20.35000E-06,-61.30653201E-03,+5.08542708121E+00
-20.32500E-06,-61.05527573E-03,+5.12562808581E+00
-20.30000E-06,-73.11557711E-03,+5.08542708121E+00
-20.27500E-06,-70.35175804E-03,+5.06532657892E+00
-20.25000E-06,-50.25125574E-03,+5.06532657892E+00
-20.22500E-06,-44.22110505E-03,+5.12562808581E+00
-20.20000E-06,-54.02009992E-03,+5.14572858810E+00
-20.17500E-06,-51.25628086E-03,+5.08040195564E+00
-20.15000E-06,-35.17587902E-03,+5.14572858810E+00
-20.12500E-06,-24.87437159E-03,+5.14572858810E+00
-20.10000E-06,-29.89949717E-03,+5.14572858810E+00
-20.07500E-06,-31.15577856E-03,+5.14572858810E+00
-20.05000E-06,-12.06030138E-03,+5.06532657892E+00
-20.02500E-06,-4.02010046E-03,+5.08040195564E+00
-20.00000E-06,-16.83417067E-03,+5.14572858810E+00
-19.97500E-06,-12.81407021E-03,+5.08040195564E+00
-19.95000E-06,+101.25628032E-03,+2.88944720523E+00
-19.92500E-06,-13.81909533E-03,+2.25125625730E+00
-19.90000E-06,+46.23115528E-03,+1.50251254672E+00
-19.87500E-06,+61.30653201E-03,+723.61808270E-03
-19.85000E-06,+23.86934648E-03,+216.08039970E-03
-19.82500E-06,+31.15577856E-03,+0.0E+00
-19.80000E-06,+51.25628086E-03,+100.50251149E-03
-19.77500E-06,+12.06030138E-03,-15.07537672E-03
-19.75000E-06,+41.95979855E-03,-20.10050230E-03
-19.72500E-06,+56.28140643E-03,+80.40200919E-03
-19.70000E-06,+36.18090414E-03,-20.10050230E-03
-19.67500E-06,+44.22110505E-03,+0.0E+00
-19.65000E-06,+44.97487389E-03,-80.40200919E-03
-19.62500E-06,+65.07537619E-03,+0.0E+00
-19.60000E-06,+69.34673293E-03,+0.0E+00
-19.57500E-06,+54.27135620E-03,+0.0E+00
-19.55000E-06,+66.08040130E-03,+20.10050230E-03
-19.52500E-06,+82.16080314E-03,+0.0E+00
-19.50000E-06,+89.44723522E-03,+0.0E+00
-19.47500E-06,+76.38190873E-03,+0.0E+00
-19.45000E-06,+81.15577803E-03,-55.27638132E-03
-19.42500E-06,+94.22110452E-03,-15.07537672E-03
-19.40000E-06,+102.51256172E-03,+0.0E+00
-19.37500E-06,+92.46231057E-03,-15.07537672E-03
-19.35000E-06,+88.44221011E-03,-55.27638132E-03
-19.32500E-06,+103.26633055E-03,+0.0E+00
-19.30000E-06,+118.34170728E-03,+0.0E+00
-19.27500E-06,+106.53266218E-03,+0.0E+00
-19.25000E-06,+103.26633055E-03,+0.0E+00
-19.22500E-06,+122.36180773E-03,+0.0E+00
-19.20000E-06,+132.66331516E-03,+0.0E+00
-19.17500E-06,+125.62813936E-03,+0.0E+00
-19.15000E-06,+120.60301378E-03,+0.0E+00
-19.12500E-06,+135.42713423E-03,+0.0E+00
-19.10000E-06,+147.48743561E-03,+0.0E+00
-19.07500E-06,+149.74874211E-03,+0.0E+00
-19.05000E-06,+133.66834028E-03,+0.0E+00
-19.02500E-06,+139.44723469E-03,-60.30150689E-03
-19.00000E-06,+160.80401838E-03,+0.0E+00
-18.97500E-06,+162.81406861E-03,+0.0E+00
-18.95000E-06,+146.73366677E-03,+20.10050230E-03
-18.92500E-06,+155.52763653E-03,+0.0E+00
-18.90000E-06,+175.62813882E-03,+35.17587902E-03
-18.87500E-06,+177.88944533E-03,+15.07537672E-03
-18.85000E-06,+168.84421930E-03,+0.0E+00
-18.82500E-06,+167.58793790E-03,-60.30150689E-03
-18.80000E-06,+182.66331463E-03,-55.27638132E-03
-18.77500E-06,+194.97487228E-03,+0.0E+00
-18.75000E-06,+181.90954579E-03,+20.10050230E-03
-18.72500E-06,+179.64823928E-03,+0.0E+00
-18.70000E-06,+193.71859089E-03,-20.10050230E-03
-18.67500E-06,+204.02009832E-03,+0.0E+00
-18.65000E-06,+197.98994763E-03,+55.27638132E-03
-18.62500E-06,+186.68341509E-03,-15.07537672E-03
-18.60000E-06,+198.74371646E-03,+0.0E+00
-18.57500E-06,+216.08039970E-03,-15.07537672E-03
-18.55000E-06,+207.03517366E-03,+0.0E+00
-18.52500E-06,+201.00502297E-03,-15.07537672E-03
-18.50000E-06,+206.78391738E-03,-20.10050230E-03
-18.47500E-06,+225.12562573E-03,+15.07537672E-03
-18.45000E-06,+222.11055038E-03,+0.0E+00
-18.42500E-06,+208.04019878E-03,-60.30150689E-03
-18.40000E-06,+215.82914342E-03,-55.27638132E-03
-18.37500E-06,+233.16582665E-03,+0.0E+00
-18.35000E-06,+230.15075130E-03,+20.10050230E-03
-18.32500E-06,+217.83919365E-03,+0.0E+00
-18.30000E-06,+221.10552527E-03,+0.0E+00
-18.27500E-06,+241.95979640E-03,+0.0E+00
-18.25000E-06,+243.96984663E-03,+35.17587902E-03
-18.22500E-06,+225.12562573E-03,+0.0E+00
-18.20000E-06,+229.14572619E-03,+0.0E+00
-18.17500E-06,+248.24120337E-03,+0.0E+00
-18.15000E-06,+247.23617826E-03,+20.10050230E-03
-18.12500E-06,+229.14572619E-03,+60.30150689E-03
-18.10000E-06,+238.94472106E-03,-55.27638132E-03
-18.07500E-06,+251.00502244E-03,-60.30150689E-03
-18.05000E-06,+250.25125360E-03,+0.0E+00
-18.02500E-06,+233.16582665E-03,+0.0E+00
-18.00000E-06,+245.97989686E-03,+0.0E+00
-17.97500E-06,+257.28642941E-03,+0.0E+00
-17.95000E-06,+246.23115314E-03,+0.0E+00
-17.92500E-06,+237.93969594E-03,-15.07537672E-03
-17.90000E-06,+251.00502244E-03,-20.10050230E-03
-17.87500E-06,+257.28642941E-03,-40.20100459E-03
-17.85000E-06,+245.22612803E-03,+0.0E+00
-17.82500E-06,+234.92462060E-03,-60.30150689E-03
-17.80000E-06,+247.98994709E-03,-55.27638132E-03
-17.77500E-06,+257.28642941E-03,+0.0E+00
-17.75000E-06,+248.24120337E-03,+0.0E+00
-17.72500E-06,+240.20100245E-03,+0.0E+00
-17.70000E-06,+251.00502244E-03,-20.10050230E-03
-17.67500E-06,+261.30652986E-03,-40.20100459E-03
-17.65000E-06,+245.22612803E-03,-20.10050230E-03
-17.62500E-06,+233.91959548E-03,-60.30150689E-03
-17.60000E-06,+255.02512290E-03,+0.0E+00
-17.57500E-06,+256.28140429E-03,-15.07537672E-03
-17.55000E-06,+245.22612803E-03,+0.0E+00
-17.52500E-06,+238.94472106E-03,+0.0E+00
-17.50000E-06,+249.24622849E-03,-20.10050230E-03
-17.47500E-06,+257.28642941E-03,+0.0E+00
-17.45000E-06,+242.21105268E-03,-80.40200919E-03
-17.42500E-06,+233.91959548E-03,+0.0E+00
-17.40000E-06,+249.24622849E-03,-55.27638132E-03
-17.37500E-06,+256.28140429E-03,+0.0E+00
-17.35000E-06,+238.19095222E-03,+0.0E+00
-17.32500E-06,+231.90954525E-03,+0.0E+00
-17.30000E-06,+249.99999732E-03,+0.0E+00
-17.27500E-06,+250.25125360E-03,+0.0E+00
-17.25000E-06,+234.17085176E-03,+0.0E+00
-17.22500E-06,+228.89446991E-03,-60.30150689E-03
-17.20000E-06,+249.24622849E-03,-55.27638132E-03
-17.17500E-06,+240.20100245E-03,+0.0E+00
-17.15000E-06,+230.15075130E-03,+0.0E+00
-17.12500E-06,+238.94472106E-03,+0.0E+00
-17.10000E-06,+245.22612803E-03,-20.10050230E-03
-17.07500E-06,+235.17587688E-03,+0.0E+00
-17.05000E-06,+219.84924388E-03,+0.0E+00
-17.02500E-06,+238.94472106E-03,+0.0E+00
-17.00000E-06,+241.20602757E-03,+0.0E+00
-16.97500E-06,+223.11557550E-03,+0.0E+00
-16.95000E-06,+217.08542481E-03,+0.0E+00
-16.92500E-06,+237.93969594E-03,-15.07537672E-03
-16.90000E-06,+234.17085176E-03,+0.0E+00
-16.87500E-06,+216.08039970E-03,+0.0E+00
-16.85000E-06,+222.86431922E-03,-80.40200919E-03
-16.82500E-06,+229.89949503E-03,-40.20100459E-03
-16.80000E-06,+231.15577642E-03,-55.27638132E-03
-16.77500E-06,+213.06532435E-03,-35.17587902E-03
-16.75000E-06,+220.85426899E-03,+0.0E+00
-16.72500E-06,+233.16582665E-03,+0.0E+00
-16.70000E-06,+216.08039970E-03,-20.10050230E-03
-16.67500E-06,+205.02512343E-03,+0.0E+00
-16.65000E-06,+210.80401784E-03,+0.0E+00
-16.62500E-06,+225.12562573E-03,-15.07537672E-03
-16.60000E-06,+208.04019878E-03,+0.0E+00
-16.57500E-06,+192.96482205E-03,+0.0E+00
-16.55000E-06,+202.76381692E-03,+55.27638132E-03
-16.52500E-06,+209.04522389E-03,+0.0E+00
-16.50000E-06,+189.94974671E-03,+55.27638132E-03
-16.47500E-06,+184.92462113E-03,+0.0E+00
-16.45000E-06,+185.67838997E-03,-80.40200919E-03
-16.42500E-06,+196.98492251E-03,+0.0E+00
-16.40000E-06,+181.90954579E-03,+0.0E+00
-16.37500E-06,+171.85929464E-03,-15.07537672E-03
-16.35000E-06,+170.60301325E-03,+0.0E+00
-16.32500E-06,+184.92462113E-03,+0.0E+00
-16.30000E-06,+169.84924441E-03,+0.0E+00
-16.27500E-06,+149.49748584E-03,+0.0E+00
-16.25000E-06,+161.55778721E-03,+0.0E+00
-16.22500E-06,+162.56281233E-03,+0.0E+00
-16.20000E-06,+158.79396815E-03,-55.27638132E-03
-16.17500E-06,+136.68341562E-03,-15.07537672E-03
-16.15000E-06,+142.46231003E-03,-55.27638132E-03
-16.12500E-06,+151.75879234E-03,+0.0E+00
-16.10000E-06,+138.69346585E-03,+0.0E+00
-16.07500E-06,+123.61808913E-03,+0.0E+00
-16.05000E-06,+129.39698354E-03,-20.10050230E-03
-16.02500E-06,+134.42210911E-03,-60.30150689E-03
-16.00000E-06,+130.65326493E-03,+0.0E+00
-15.97500E-06,+108.54271241E-03,+0.0E+00
-15.95000E-06,+111.30653147E-03,+0.0E+00
-15.92500E-06,+124.62311424E-03,+0.0E+00
-15.90000E-06,+114.57286309E-03,+0.0E+00
-15.87500E-06,+99.49748637E-03,+0.0E+00
-15.85000E-06,+95.22612963E-03,+0.0E+00
-15.82500E-06,+105.27638078E-03,+15.07537672E-03
-15.80000E-06,+104.52261195E-03,+0.0E+00
-15.77500E-06,+83.41708453E-03,+0.0E+00
-15.75000E-06,+82.16080314E-03,+0.0E+00
-15.72500E-06,+89.19597894E-03,+60.30150689E-03
-15.70000E-06,+82.41205942E-03,+55.27638132E-03
-15.67500E-06,+63.31658224E-03,+0.0E+00
-15.65000E-06,+68.09045153E-03,+0.0E+00
-15.62500E-06,+73.11557711E-03,-60.30150689E-03
-15.60000E-06,+63.31658224E-03,+0.0E+00
-15.57500E-06,+47.23618040E-03,-15.07537672E-03
-15.55000E-06,+49.99999946E-03,-35.17587902E-03
-15.52500E-06,+60.30150689E-03,+60.30150689E-03
-15.50000E-06,+43.21607994E-03,+0.0E+00
-15.47500E-06,+31.15577856E-03,+0.0E+00
-15.45000E-06,+28.89447205E-03,+0.0E+00
-15.42500E-06,+36.93467297E-03,+0.0E+00
-15.40000E-06,+29.14572833E-03,-55.27638132E-03
-15.37500E-06,+4.77386930E-03,+60.30150689E-03
-15.35000E-06,+16.83417067E-03,+0.0E+00
-15.32500E-06,+24.12060276E-03,+60.30150689E-03
-15.30000E-06,+10.05025115E-03,+0.0E+00
-15.27500E-06,-7.03517580E-03,+0.0E+00
-15.25000E-06,+4.77386930E-03,+0.0E+00
-15.22500E-06,+8.04020092E-03,+0.0E+00
-15.20000E-06,-11.80904510E-03,+55.27638132E-03
-15.17500E-06,-23.11557764E-03,+0.0E+00
-15.15000E-06,-13.06532649E-03,-20.10050230E-03
-15.12500E-06,-9.79899487E-03,+60.30150689E-03
-15.10000E-06,-38.94472320E-03,-20.10050230E-03
-15.07500E-06,-35.17587902E-03,+0.0E+00
-15.05000E-06,-27.13567810E-03,+35.17587902E-03
-15.02500E-06,-34.92462274E-03,+0.0E+00
-15.00000E-06,-57.03517527E-03,-55.27638132E-03
-14.97500E-06,-50.25125574E-03,+0.0E+00
-14.95000E-06,-42.21105482E-03,-55.27638132E-03
-14.92500E-06,-47.98994923E-03,+0.0E+00
-14.90000E-06,-74.12060222E-03,+0.0E+00
-14.87500E-06,-73.36683339E-03,+0.0E+00
-14.85000E-06,-62.31155712E-03,-20.10050230E-03
-14.82500E-06,-73.11557711E-03,+0.0E+00
-14.80000E-06,-91.20602917E-03,+0.0E+00
-14.77500E-06,-90.45226034E-03,-15.07537672E-03
-14.75000E-06,-81.40703430E-03,+20.10050230E-03
-14.72500E-06,-98.24120498E-03,+60.30150689E-03
-14.70000E-06,-108.54271241E-03,-20.10050230E-03
-14.67500E-06,-102.51256172E-03,-80.40200919E-03
-14.65000E-06,-97.48743614E-03,+0.0E+00
-14.62500E-06,-110.30150636E-03,+0.0E+00
-14.60000E-06,-127.38693331E-03,+0.0E+00
-14.57500E-06,-119.59798867E-03,+0.0E+00
-14.55000E-06,-113.56783798E-03,+0.0E+00
-14.52500E-06,-128.39195842E-03,+0.0E+00
-14.50000E-06,-144.72361654E-03,+0.0E+00
-14.47500E-06,-137.68844074E-03,+15.07537672E-03
-14.45000E-06,-131.40703377E-03,-55.27638132E-03
-14.42500E-06,-148.74371700E-03,+0.0E+00
-14.40000E-06,-159.54773698E-03,-80.40200919E-03
-14.37500E-06,-153.76884257E-03,+0.0E+00
-14.35000E-06,-140.70351608E-03,+20.10050230E-03
-14.32500E-06,-158.54271187E-03,+60.30150689E-03
-14.30000E-06,-173.86934487E-03,+0.0E+00
-14.27500E-06,-166.83416907E-03,-60.30150689E-03
-14.25000E-06,-154.77386769E-03,+0.0E+00
-14.22500E-06,-173.61808859E-03,+0.0E+00
-14.20000E-06,-187.68844020E-03,+0.0E+00
-14.17500E-06,-182.91457091E-03,-15.07537672E-03
-14.15000E-06,-173.86934487E-03,+20.10050230E-03
-14.12500E-06,-185.67838997E-03,+60.30150689E-03
-14.10000E-06,-205.02512343E-03,-20.10050230E-03
-14.07500E-06,-190.95477182E-03,+0.0E+00
-14.05000E-06,-190.95477182E-03,+0.0E+00
-14.02500E-06,-217.83919365E-03,+1.36683415622E+00
-14.00000E-06,-173.61808859E-03,+1.28643214703E+00
-13.97500E-06,-292.46230843E-03,+2.37185927108E+00
-13.95000E-06,-259.29647963E-03,+3.63819091581E+00
-13.92500E-06,-207.78894250E-03,+4.56281402148E+00
-13.90000E-06,-252.01004755E-03,+4.84422105365E+00
-13.87500E-06,-247.23617826E-03,+4.82412055135E+00
-13.85000E-06,-207.03517366E-03,+4.98492456973E+00
-13.82500E-06,-242.96482152E-03,+4.83919592807E+00
-13.80000E-06,-251.00502244E-03,+4.90452256054E+00
-13.77500E-06,-240.20100245E-03,+4.98492456973E+00
-13.75000E-06,-239.19597734E-03,+4.92462306283E+00
-13.72500E-06,-226.88441968E-03,+5.04522607662E+00
-13.70000E-06,-254.02009778E-03,+5.06532657892E+00
-13.67500E-06,-258.29145452E-03,+5.04522607662E+00
-13.65000E-06,-240.20100245E-03,+5.12060296023E+00
-13.62500E-06,-242.96482152E-03,+5.06532657892E+00
-13.60000E-06,-258.04019824E-03,+5.04020095104E+00
-13.57500E-06,-271.35678101E-03,+5.06532657892E+00
-13.55000E-06,-256.28140429E-03,+5.00502507202E+00
-13.52500E-06,-254.02009778E-03,+5.06532657892E+00
-13.50000E-06,-273.11557496E-03,+5.06532657892E+00
-13.47500E-06,-280.40200705E-03,+5.06532657892E+00
-13.45000E-06,-261.30652986E-03,+5.06532657892E+00
-13.42500E-06,-261.30652986E-03,+5.06532657892E+00
-13.40000E-06,-273.11557496E-03,+5.06532657892E+00
-13.37500E-06,-285.42713262E-03,+5.06532657892E+00
-13.35000E-06,-272.36180613E-03,+5.00502507202E+00
-13.32500E-06,-264.32160521E-03,+5.12562808581E+00
-13.30000E-06,-279.14572565E-03,+5.06532657892E+00
-13.27500E-06,-293.46733354E-03,+5.06532657892E+00
-13.25000E-06,-291.45728331E-03,+5.06532657892E+00
-13.22500E-06,-276.38190659E-03,+5.06532657892E+00
-13.20000E-06,-283.16582611E-03,+5.06532657892E+00
-13.17500E-06,-303.26632841E-03,+5.06532657892E+00
-13.15000E-06,-302.51255957E-03,+5.00502507202E+00
-13.12500E-06,-284.42210751E-03,+5.06532657892E+00
-13.10000E-06,-288.19095169E-03,+5.06532657892E+00
-13.07500E-06,-306.28140375E-03,+5.06532657892E+00
-13.05000E-06,-303.51758469E-03,+5.06532657892E+00
-13.02500E-06,-294.47235866E-03,+4.99999994645E+00
-13.00000E-06,-291.20602703E-03,+5.10050245794E+00
-12.97500E-06,-308.29145398E-03,+5.06532657892E+00
-12.95000E-06,-315.57788607E-03,+5.06532657892E+00
-12.92500E-06,-301.50753446E-03,+5.06532657892E+00
-12.90000E-06,-294.47235866E-03,+5.04020095104E+00
-12.87500E-06,-312.31155444E-03,+5.12562808581E+00
-12.85000E-06,-321.60803676E-03,+5.08542708121E+00
-12.82500E-06,-306.53266003E-03,+4.99999994645E+00
-12.80000E-06,-299.24622795E-03,+5.06532657892E+00
-12.77500E-06,-315.32662979E-03,+5.06532657892E+00
-12.75000E-06,-320.35175536E-03,+5.06532657892E+00
-12.72500E-06,-306.53266003E-03,+5.06532657892E+00
-12.70000E-06,-295.47738377E-03,+5.06532657892E+00
-12.67500E-06,-307.28642887E-03,+5.06532657892E+00
-12.65000E-06,-317.58793630E-03,+5.06532657892E+00
-12.62500E-06,-305.52763492E-03,+4.99999994645E+00
-12.60000E-06,-297.48743400E-03,+5.06532657892E+00
-12.57500E-06,-309.29647910E-03,+5.06532657892E+00
-12.55000E-06,-318.59296141E-03,+5.06532657892E+00
-12.52500E-06,-314.57286095E-03,+4.98492456973E+00
-12.50000E-06,-298.49245911E-03,+5.06532657892E+00
-12.47500E-06,-301.25627818E-03,+5.06532657892E+00
-12.45000E-06,-318.34170513E-03,+5.06532657892E+00
-12.42500E-06,-310.55276049E-03,+5.06532657892E+00
-12.40000E-06,-297.48743400E-03,+5.06532657892E+00
-12.37500E-06,-300.25125307E-03,+5.06532657892E+00
-12.35000E-06,-315.32662979E-03,+5.06532657892E+00
-12.32500E-06,-314.57286095E-03,+4.98492456973E+00
-12.30000E-06,-300.50250934E-03,+5.06532657892E+00
-12.27500E-06,-293.21607726E-03,+5.06532657892E+00
-12.25000E-06,-307.28642887E-03,+5.04020095104E+00
-12.22500E-06,-314.57286095E-03,+5.06532657892E+00
-12.20000E-06,-297.48743400E-03,+5.06532657892E+00
-12.17500E-06,-292.21105215E-03,+5.06532657892E+00
-12.15000E-06,-304.27135353E-03,+5.08542708121E+00
-12.12500E-06,-311.55778561E-03,+5.06532657892E+00
-12.10000E-06,-300.50250934E-03,+5.06532657892E+00
-12.07500E-06,-281.40703216E-03,+5.06532657892E+00
-12.05000E-06,-291.20602703E-03,+5.06532657892E+00
-12.02500E-06,-306.53266003E-03,+5.04522607662E+00
-12.00000E-06,-291.45728331E-03,+5.06532657892E+00
-11.97500E-06,-274.12060008E-03,+5.08040195564E+00
-11.95000E-06,-283.16582611E-03,+5.06532657892E+00
-11.92500E-06,-297.48743400E-03,+5.06532657892E+00
-11.90000E-06,-290.45225820E-03,+5.06532657892E+00
-11.87500E-06,-272.36180613E-03,+4.99999994645E+00
-11.85000E-06,-269.34673078E-03,+5.06532657892E+00
-11.82500E-06,-286.18090146E-03,+4.99999994645E+00
-11.80000E-06,-279.39698193E-03,+5.06532657892E+00
-11.77500E-06,-263.31658009E-03,+5.06532657892E+00
-11.75000E-06,-261.30652986E-03,+5.08542708121E+00
-11.72500E-06,-275.12562519E-03,+4.99999994645E+00
-11.70000E-06,-275.37688147E-03,+5.08542708121E+00
-11.67500E-06,-253.26632895E-03,+5.06532657892E+00
-11.65000E-06,-249.24622849E-03,+5.06532657892E+00
-11.62500E-06,-266.08039916E-03,+5.06532657892E+00
-11.60000E-06,-265.32663032E-03,+5.00502507202E+00
-11.57500E-06,-245.22612803E-03,+5.04522607662E+00
-11.55000E-06,-237.18592711E-03,+5.06532657892E+00
-11.52500E-06,-252.01004755E-03,+5.04522607662E+00
-11.50000E-06,-257.28642941E-03,+5.12060296023E+00
-11.47500E-06,-236.18090199E-03,+5.06532657892E+00
-11.45000E-06,-229.14572619E-03,+5.06532657892E+00
-11.42500E-06,-231.90954525E-03,+5.06532657892E+00
-11.40000E-06,-247.98994709E-03,+5.06532657892E+00
-11.37500E-06,-231.15577642E-03,+5.06532657892E+00
-11.35000E-06,-215.07537458E-03,+5.06532657892E+00
-11.32500E-06,-215.82914342E-03,+5.12562808581E+00
-11.30000E-06,-229.14572619E-03,+5.12060296023E+00
-11.27500E-06,-223.11557550E-03,+5.06532657892E+00
-11.25000E-06,-206.03014855E-03,+5.06532657892E+00
-11.22500E-06,-206.78391738E-03,+5.06532657892E+00
-11.20000E-06,-217.83919365E-03,+5.06532657892E+00
-11.17500E-06,-212.06029924E-03,+5.06532657892E+00
-11.15000E-06,-191.95979694E-03,+5.06532657892E+00
-11.12500E-06,-179.64823928E-03,+5.06532657892E+00
-11.10000E-06,-198.74371646E-03,+5.06532657892E+00
-11.07500E-06,-198.99497274E-03,+5.06532657892E+00
-11.05000E-06,-178.89447045E-03,+5.06532657892E+00
-11.02500E-06,-170.60301325E-03,+5.08040195564E+00
-11.00000E-06,-178.64321417E-03,+5.06532657892E+00
-10.97500E-06,-183.91959602E-03,+5.06532657892E+00
-10.95000E-06,-170.85426953E-03,+5.08542708121E+00
-10.92500E-06,-154.52261141E-03,+5.06532657892E+00
-10.90000E-06,-157.53768675E-03,+5.06532657892E+00
-10.87500E-06,-169.59798813E-03,+5.06532657892E+00
-10.85000E-06,-156.78391792E-03,+5.06532657892E+00
-10.82500E-06,-141.45728492E-03,+5.08040195564E+00
-10.80000E-06,-147.48743561E-03,+5.12060296023E+00
-10.77500E-06,-155.77889280E-03,+5.06532657892E+00
-10.75000E-06,-143.71859143E-03,+5.06532657892E+00
-10.72500E-06,-127.63818959E-03,+5.04522607662E+00
-10.70000E-06,-129.39698354E-03,+5.12060296023E+00
-10.67500E-06,-137.43718446E-03,+4.98492456973E+00
-10.65000E-06,-130.65326493E-03,+5.06532657892E+00
-10.62500E-06,-111.55778775E-03,+5.06532657892E+00
-10.60000E-06,-112.31155659E-03,+5.12060296023E+00
-10.57500E-06,-124.62311424E-03,+4.99999994645E+00
-10.55000E-06,-114.57286309E-03,+5.06532657892E+00
-10.52500E-06,-95.47738591E-03,+5.06532657892E+00
-10.50000E-06,-88.44221011E-03,+5.06532657892E+00
-10.47500E-06,-98.24120498E-03,+5.12562808581E+00
-10.45000E-06,-100.50251149E-03,+5.14572858810E+00
-10.42500E-06,-82.41205942E-03,+5.06532657892E+00
-10.40000E-06,-74.12060222E-03,+5.06532657892E+00
-10.37500E-06,-81.15577803E-03,+5.06532657892E+00
-10.35000E-06,-88.44221011E-03,+5.14572858810E+00
-10.32500E-06,-68.34170781E-03,+5.06532657892E+00
-10.30000E-06,-52.26130597E-03,+5.12060296023E+00
-10.27500E-06,-56.03015015E-03,+5.14572858810E+00
-10.25000E-06,-69.34673293E-03,+5.08542708121E+00
-10.22500E-06,-52.26130597E-03,+5.14572858810E+00
-10.20000E-06,-33.16582879E-03,+5.12060296023E+00
-10.17500E-06,-38.94472320E-03,+5.14572858810E+00
-10.15000E-06,-48.24120551E-03,+5.14572858810E+00
-10.12500E-06,-34.17085391E-03,+5.12562808581E+00
-10.10000E-06,-15.07537672E-03,+5.14572858810E+00
-10.07500E-06,-14.82412044E-03,+5.14572858810E+00
-10.05000E-06,-26.88442182E-03,+5.08542708121E+00
-10.02500E-06,-13.06532649E-03,+5.12562808581E+00
-10.00000E-06,-1.00502511E-03,+5.12060296023E+00
-9.97500E-06,+9.04522603E-03,+5.12562808581E+00
-9.95000E-06,+105.52763706E-03,+3.61306528794E+00
-9.92500E-06,-30.15075345E-03,+2.77386931702E+00
-9.90000E-06,+61.05527573E-03,+1.74371857429E+00
-9.87500E-06,+81.40703430E-03,+884.42210108E-03
-9.85000E-06,+8.04020092E-03,+241.20602757E-03
-9.82500E-06,+20.85427113E-03,+0.0E+00
-9.80000E-06,+63.06532596E-03,+80.40200919E-03
-9.77500E-06,+37.18592925E-03,-60.30150689E-03
-9.75000E-06,+34.17085391E-03,-55.27638132E-03
-9.72500E-06,+34.92462274E-03,+0.0E+00
-9.70000E-06,+46.98492412E-03,-20.10050230E-03
-9.67500E-06,+61.30653201E-03,+0.0E+00
-9.65000E-06,+38.19095436E-03,-55.27638132E-03
-9.62500E-06,+46.98492412E-03,-80.40200919E-03
-9.60000E-06,+70.10050176E-03,+0.0E+00
-9.57500E-06,+71.35678316E-03,+0.0E+00
-9.55000E-06,+69.34673293E-03,+20.10050230E-03
-9.52500E-06,+61.05527573E-03,+0.0E+00
-9.50000E-06,+78.14070268E-03,+0.0E+00
-9.47500E-06,+99.49748637E-03,+0.0E+00
-9.45000E-06,+86.43215988E-03,+0.0E+00
-9.42500E-06,+79.39698407E-03,+0.0E+00
-9.40000E-06,+93.21607940E-03,-55.27638132E-03
-9.37500E-06,+101.25628032E-03,+0.0E+00
-9.35000E-06,+100.50251149E-03,+0.0E+00
-9.32500E-06,+88.44221011E-03,+0.0E+00
-9.30000E-06,+98.24120498E-03,+0.0E+00
-9.27500E-06,+124.62311424E-03,+0.0E+00
-9.25000E-06,+117.58793844E-03,+0.0E+00
-9.22500E-06,+111.55778775E-03,-60.30150689E-03
-9.20000E-06,+114.32160682E-03,+0.0E+00
-9.17500E-06,+139.69849097E-03,+0.0E+00
-9.15000E-06,+138.69346585E-03,+0.0E+00
-9.12500E-06,+124.62311424E-03,+60.30150689E-03
-9.10000E-06,+130.40200865E-03,-20.10050230E-03
-9.07500E-06,+150.50251095E-03,+0.0E+00
-9.05000E-06,+151.50753607E-03,-20.10050230E-03
-9.02500E-06,+135.67839051E-03,+60.30150689E-03
-9.00000E-06,+144.72361654E-03,+0.0E+00
-8.97500E-06,+161.55778721E-03,+0.0E+00
-8.95000E-06,+162.81406861E-03,+20.10050230E-03
-8.92500E-06,+155.77889280E-03,+0.0E+00
-8.90000E-06,+155.52763653E-03,+55.27638132E-03
-8.87500E-06,+173.61808859E-03,+0.0E+00
-8.85000E-06,+181.90954579E-03,+0.0E+00
-8.82500E-06,+170.85426953E-03,-15.07537672E-03
-8.80000E-06,+165.82914395E-03,+0.0E+00
-8.77500E-06,+185.67838997E-03,-60.30150689E-03
-8.75000E-06,+198.74371646E-03,+0.0E+00
-8.72500E-06,+186.93467136E-03,+0.0E+00
-8.70000E-06,+177.88944533E-03,+0.0E+00
-8.67500E-06,+191.70854066E-03,+15.07537672E-03
-8.65000E-06,+207.78894250E-03,+0.0E+00
-8.62500E-06,+205.02512343E-03,+0.0E+00
-8.60000E-06,+188.94472159E-03,+0.0E+00
-8.57500E-06,+201.75879181E-03,-35.17587902E-03
-8.55000E-06,+214.82411830E-03,+0.0E+00
-8.52500E-06,+216.08039970E-03,+60.30150689E-03
-8.50000E-06,+204.02009832E-03,+0.0E+00
-8.47500E-06,+207.78894250E-03,-60.30150689E-03
-8.45000E-06,+224.87436945E-03,-80.40200919E-03
-8.42500E-06,+231.15577642E-03,+0.0E+00
-8.40000E-06,+212.06029924E-03,+0.0E+00
-8.37500E-06,+213.81909319E-03,-15.07537672E-03
-8.35000E-06,+230.90452014E-03,-35.17587902E-03
-8.32500E-06,+236.18090199E-03,+0.0E+00
-8.30000E-06,+228.14070107E-03,+0.0E+00
-8.27500E-06,+221.10552527E-03,-60.30150689E-03
-8.25000E-06,+236.93467083E-03,-20.10050230E-03
-8.22500E-06,+241.95979640E-03,+0.0E+00
-8.20000E-06,+235.17587688E-03,+0.0E+00
-8.17500E-06,+229.14572619E-03,+0.0E+00
-8.15000E-06,+242.96482152E-03,-20.10050230E-03
-8.12500E-06,+249.99999732E-03,+0.0E+00
-8.10000E-06,+239.19597734E-03,+0.0E+00
-8.07500E-06,+235.92964571E-03,+0.0E+00
-8.05000E-06,+253.01507267E-03,+0.0E+00
-8.02500E-06,+252.26130383E-03,+0.0E+00
-8.00000E-06,+238.19095222E-03,-55.27638132E-03
-7.97500E-06,+237.93969594E-03,-80.40200919E-03
-7.95000E-06,+256.03014801E-03,+0.0E+00
-7.92500E-06,+255.27637918E-03,+0.0E+00
-7.90000E-06,+239.19597734E-03,+55.27638132E-03
-7.87500E-06,+243.96984663E-03,+15.07537672E-03
-7.85000E-06,+260.05024847E-03,+0.0E+00
-7.82500E-06,+255.27637918E-03,+15.07537672E-03
-7.80000E-06,+236.18090199E-03,-55.27638132E-03
-7.77500E-06,+249.99999732E-03,+0.0E+00
-7.75000E-06,+261.30652986E-03,+0.0E+00
-7.72500E-06,+253.26632895E-03,+0.0E+00
-7.70000E-06,+241.20602757E-03,+0.0E+00
-7.67500E-06,+254.02009778E-03,-40.20100459E-03
-7.65000E-06,+260.05024847E-03,-55.27638132E-03
-7.62500E-06,+250.25125360E-03,+0.0E+00
-7.60000E-06,+241.20602757E-03,+0.0E+00
-7.57500E-06,+255.02512290E-03,-15.07537672E-03
-7.55000E-06,+254.27135406E-03,+20.10050230E-03
-7.52500E-06,+243.21607780E-03,+0.0E+00
-7.50000E-06,+237.18592711E-03,-20.10050230E-03
-7.47500E-06,+254.02009778E-03,-60.30150689E-03
-7.45000E-06,+254.27135406E-03,+0.0E+00
-7.42500E-06,+240.20100245E-03,+0.0E+00
-7.40000E-06,+237.18592711E-03,-55.27638132E-03
-7.37500E-06,+249.99999732E-03,+0.0E+00
-7.35000E-06,+253.26632895E-03,+0.0E+00
-7.32500E-06,+229.89949503E-03,+0.0E+00
-7.30000E-06,+234.92462060E-03,+0.0E+00
-7.27500E-06,+254.02009778E-03,-40.20100459E-03
-7.25000E-06,+249.24622849E-03,-20.10050230E-03
-7.22500E-06,+232.16080153E-03,+0.0E+00
-7.20000E-06,+237.93969594E-03,+0.0E+00
-7.17500E-06,+248.24120337E-03,+0.0E+00
-7.15000E-06,+242.21105268E-03,+20.10050230E-03
-7.12500E-06,+229.14572619E-03,-80.40200919E-03
-7.10000E-06,+240.95477129E-03,+55.27638132E-03
-7.07500E-06,+243.21607780E-03,+0.0E+00
-7.05000E-06,+231.15577642E-03,-80.40200919E-03
-7.02500E-06,+219.84924388E-03,-15.07537672E-03
-7.00000E-06,+237.18592711E-03,-80.40200919E-03
-6.97500E-06,+240.20100245E-03,-15.07537672E-03
-6.95000E-06,+224.12060061E-03,-55.27638132E-03
-6.92500E-06,+222.86431922E-03,+15.07537672E-03
-6.90000E-06,+234.92462060E-03,+0.0E+00
-6.87500E-06,+231.15577642E-03,+0.0E+00
-6.85000E-06,+215.07537458E-03,-20.10050230E-03
-6.82500E-06,+217.83919365E-03,-80.40200919E-03
-6.80000E-06,+233.16582665E-03,+0.0E+00
-6.77500E-06,+222.11055038E-03,+0.0E+00
-6.75000E-06,+209.04522389E-03,-55.27638132E-03
-6.72500E-06,+218.84421876E-03,+0.0E+00
-6.70000E-06,+229.14572619E-03,-20.10050230E-03
-6.67500E-06,+216.08039970E-03,+0.0E+00
-6.65000E-06,+202.76381692E-03,+0.0E+00
-6.62500E-06,+214.82411830E-03,-60.30150689E-03
-6.60000E-06,+219.84924388E-03,+0.0E+00
-6.57500E-06,+209.04522389E-03,+0.0E+00
-6.55000E-06,+193.96984717E-03,+0.0E+00
-6.52500E-06,+206.78391738E-03,+0.0E+00
-6.50000E-06,+207.03517366E-03,+35.17587902E-03
-6.47500E-06,+192.96482205E-03,+15.07537672E-03
-6.45000E-06,+183.66833974E-03,-20.10050230E-03
-6.42500E-06,+183.66833974E-03,-80.40200919E-03
-6.40000E-06,+196.98492251E-03,+0.0E+00
-6.37500E-06,+177.88944533E-03,+0.0E+00
-6.35000E-06,+164.82411884E-03,+20.10050230E-03
-6.32500E-06,+174.62311371E-03,+40.20100459E-03
-6.30000E-06,+180.90452068E-03,+0.0E+00
-6.27500E-06,+168.84421930E-03,-15.07537672E-03
-6.25000E-06,+152.76381746E-03,+0.0E+00
-6.22500E-06,+157.53768675E-03,-15.07537672E-03
-6.20000E-06,+166.58291279E-03,+0.0E+00
-6.17500E-06,+156.78391792E-03,+0.0E+00
-6.15000E-06,+136.68341562E-03,-55.27638132E-03
-6.12500E-06,+140.45225980E-03,+0.0E+00
-6.10000E-06,+148.74371700E-03,+20.10050230E-03
-6.07500E-06,+143.71859143E-03,+0.0E+00
-6.05000E-06,+121.60803890E-03,-80.40200919E-03
-6.02500E-06,+120.35175750E-03,+0.0E+00
-6.00000E-06,+135.42713423E-03,-55.27638132E-03
-5.97500E-06,+129.64823982E-03,-15.07537672E-03
-5.95000E-06,+109.54773752E-03,+0.0E+00
-5.92500E-06,+109.29648124E-03,+0.0E+00
-5.90000E-06,+118.34170728E-03,+80.40200919E-03
-5.87500E-06,+110.55276264E-03,-60.30150689E-03
-5.85000E-06,+92.46231057E-03,+55.27638132E-03
-5.82500E-06,+98.24120498E-03,+0.0E+00
-5.80000E-06,+103.26633055E-03,+0.0E+00
-5.77500E-06,+93.46733568E-03,+0.0E+00
-5.75000E-06,+75.12562734E-03,+0.0E+00
-5.72500E-06,+83.16582826E-03,+0.0E+00
-5.70000E-06,+91.20602917E-03,+0.0E+00
-5.67500E-06,+79.39698407E-03,+60.30150689E-03
-5.65000E-06,+57.28643155E-03,+0.0E+00
-5.62500E-06,+64.07035107E-03,-60.30150689E-03
-5.60000E-06,+72.36180827E-03,+0.0E+00
-5.57500E-06,+50.25125574E-03,-15.07537672E-03
-5.55000E-06,+42.96482366E-03,+0.0E+00
-5.52500E-06,+54.02009992E-03,+60.30150689E-03
-5.50000E-06,+55.02512504E-03,+0.0E+00
-5.47500E-06,+34.17085391E-03,+15.07537672E-03
-5.45000E-06,+22.86432136E-03,+0.0E+00
-5.42500E-06,+34.92462274E-03,-80.40200919E-03
-5.40000E-06,+36.18090414E-03,+0.0E+00
-5.37500E-06,+10.05025115E-03,-15.07537672E-03
-5.35000E-06,+12.81407021E-03,+0.0E+00
-5.32500E-06,+16.83417067E-03,+60.30150689E-03
-5.30000E-06,+10.05025115E-03,+0.0E+00
-5.27500E-06,-7.03517580E-03,-40.20100459E-03
-5.25000E-06,-6.03015069E-03,-20.10050230E-03
-5.22500E-06,+4.02010046E-03,+0.0E+00
-5.20000E-06,-5.77889441E-03,+0.0E+00
-5.17500E-06,-24.12060276E-03,-15.07537672E-03
-5.15000E-06,-19.09547718E-03,-55.27638132E-03
-5.12500E-06,-12.81407021E-03,+60.30150689E-03
-5.10000E-06,-32.91457251E-03,+55.27638132E-03
-5.07500E-06,-40.20100459E-03,+0.0E+00
-5.05000E-06,-30.15075345E-03,-20.10050230E-03
-5.02500E-06,-31.15577856E-03,+15.07537672E-03
-5.00000E-06,-54.02009992E-03,+0.0E+00
-4.97500E-06,-55.27638132E-03,-15.07537672E-03
-4.95000E-06,-47.23618040E-03,+0.0E+00
-4.92500E-06,-49.99999946E-03,+15.07537672E-03
-4.90000E-06,-72.11055199E-03,+55.27638132E-03
-4.87500E-06,-70.35175804E-03,+0.0E+00
-4.85000E-06,-62.31155712E-03,-20.10050230E-03
-4.82500E-06,-67.08542642E-03,+0.0E+00
-4.80000E-06,-93.21607940E-03,-55.27638132E-03
-4.77500E-06,-86.43215988E-03,-60.30150689E-03
-4.75000E-06,-81.40703430E-03,+0.0E+00
-4.72500E-06,-95.22612963E-03,+60.30150689E-03
-4.70000E-06,-111.30653147E-03,+0.0E+00
-4.67500E-06,-101.50753660E-03,+80.40200919E-03
-4.65000E-06,-96.48241103E-03,-20.10050230E-03
-4.62500E-06,-118.34170728E-03,+0.0E+00
-4.60000E-06,-126.38190819E-03,-55.27638132E-03
-4.57500E-06,-111.55778775E-03,-60.30150689E-03
-4.55000E-06,-115.32663193E-03,+55.27638132E-03
-4.52500E-06,-130.40200865E-03,-60.30150689E-03
-4.50000E-06,-144.72361654E-03,+0.0E+00
-4.47500E-06,-130.65326493E-03,+15.07537672E-03
-4.45000E-06,-128.64321470E-03,-55.27638132E-03
-4.42500E-06,-150.50251095E-03,-80.40200919E-03
-4.40000E-06,-154.77386769E-03,-55.27638132E-03
-4.37500E-06,-146.73366677E-03,+0.0E+00
-4.35000E-06,-147.48743561E-03,+0.0E+00
-4.32500E-06,-172.86431976E-03,+0.0E+00
-4.30000E-06,-170.85426953E-03,+20.10050230E-03
-4.27500E-06,-158.79396815E-03,+0.0E+00
-4.25000E-06,-163.56783744E-03,-20.10050230E-03
-4.22500E-06,-187.93969648E-03,-60.30150689E-03
-4.20000E-06,-186.93467136E-03,-55.27638132E-03
-4.17500E-06,-168.84421930E-03,-60.30150689E-03
-4.15000E-06,-178.64321417E-03,+0.0E+00
-4.12500E-06,-196.98492251E-03,+0.0E+00
-4.10000E-06,-196.98492251E-03,+0.0E+00
-4.07500E-06,-187.93969648E-03,+15.07537672E-03
-4.05000E-06,-188.94472159E-03,-20.10050230E-03
-4.02500E-06,-210.80401784E-03,+0.0E+00
-4.00000E-06,-244.22110291E-03,+301.50753446E-03
-3.97500E-06,-219.09547504E-03,+1.64824118838E+00
-3.95000E-06,-207.03517366E-03,+1.78894470446E+00
-3.92500E-06,-271.35678101E-03,+3.19597986527E+00
-3.90000E-06,-276.13065031E-03,+4.10050246865E+00
-3.87500E-06,-236.18090199E-03,+4.80402004905E+00
-3.85000E-06,-247.23617826E-03,+4.79899492348E+00
-3.82500E-06,-229.89949503E-03,+4.75879391888E+00
-3.80000E-06,-237.93969594E-03,+4.95979894185E+00
-3.77500E-06,-261.30652986E-03,+4.90452256054E+00
-3.75000E-06,-237.18592711E-03,+5.00502507202E+00
-3.72500E-06,-232.16080153E-03,+5.06532657892E+00
-3.70000E-06,-253.01507267E-03,+5.00502507202E+00
-3.67500E-06,-252.26130383E-03,+5.06532657892E+00
-3.65000E-06,-253.26632895E-03,+4.98492456973E+00
-3.62500E-06,-244.22110291E-03,+4.99999994645E+00
-3.60000E-06,-243.96984663E-03,+5.10050245794E+00
-3.57500E-06,-270.10049962E-03,+4.98492456973E+00
-3.55000E-06,-267.33668055E-03,+5.06532657892E+00
-3.52500E-06,-253.26632895E-03,+5.04522607662E+00
-3.50000E-06,-263.06532382E-03,+5.12060296023E+00
-3.47500E-06,-274.12060008E-03,+5.08040195564E+00
-3.45000E-06,-283.41708239E-03,+5.06532657892E+00
-3.42500E-06,-266.33165544E-03,+5.06532657892E+00
-3.40000E-06,-257.28642941E-03,+5.06532657892E+00
-3.37500E-06,-282.16080100E-03,+5.04522607662E+00
-3.35000E-06,-283.41708239E-03,+5.08542708121E+00
-3.32500E-06,-271.35678101E-03,+5.06532657892E+00
-3.30000E-06,-265.32663032E-03,+5.06532657892E+00
-3.27500E-06,-286.18090146E-03,+5.12562808581E+00
-3.25000E-06,-291.45728331E-03,+5.00502507202E+00
-3.22500E-06,-287.43718285E-03,+5.06532657892E+00
-3.20000E-06,-279.14572565E-03,+5.12060296023E+00
-3.17500E-06,-285.17587634E-03,+5.08040195564E+00
-3.15000E-06,-305.52763492E-03,+5.06532657892E+00
-3.12500E-06,-297.48743400E-03,+5.06532657892E+00
-3.10000E-06,-285.42713262E-03,+5.06532657892E+00
-3.07500E-06,-292.21105215E-03,+5.08040195564E+00
-3.05000E-06,-308.29145398E-03,+5.06532657892E+00
-3.02500E-06,-299.49748423E-03,+5.06532657892E+00
-3.00000E-06,-287.43718285E-03,+5.06532657892E+00
-2.97500E-06,-301.25627818E-03,+5.06532657892E+00
-2.95000E-06,-313.56783584E-03,+5.06532657892E+00
-2.92500E-06,-312.56281072E-03,+5.06532657892E+00
-2.90000E-06,-294.47235866E-03,+5.06532657892E+00
-2.87500E-06,-301.25627818E-03,+5.06532657892E+00
-2.85000E-06,-318.34170513E-03,+5.06532657892E+00
-2.82500E-06,-317.58793630E-03,+4.99999994645E+00
-2.80000E-06,-298.49245911E-03,+5.06532657892E+00
-2.77500E-06,-299.24622795E-03,+5.06532657892E+00
-2.75000E-06,-314.32160467E-03,+5.06532657892E+00
-2.72500E-06,-319.59798653E-03,+5.04522607662E+00
-2.70000E-06,-302.51255957E-03,+5.12060296023E+00
-2.67500E-06,-295.22612749E-03,+5.12562808581E+00
-2.65000E-06,-314.32160467E-03,+5.02512557432E+00
-2.62500E-06,-320.60301164E-03,+5.06532657892E+00
-2.60000E-06,-304.52260980E-03,+5.06532657892E+00
-2.57500E-06,-297.48743400E-03,+5.06532657892E+00
-2.55000E-06,-317.33668002E-03,+5.00502507202E+00
-2.52500E-06,-320.60301164E-03,+5.04522607662E+00
-2.50000E-06,-307.53768515E-03,+5.00502507202E+00
-2.47500E-06,-295.22612749E-03,+5.08040195564E+00
-2.45000E-06,-311.30652933E-03,+5.04020095104E+00
-2.42500E-06,-320.60301164E-03,+5.06532657892E+00
-2.40000E-06,-311.55778561E-03,+4.98492456973E+00
-2.37500E-06,-294.22110238E-03,+4.99999994645E+00
-2.35000E-06,-309.29647910E-03,+5.12060296023E+00
-2.32500E-06,-314.32160467E-03,+5.06532657892E+00
-2.30000E-06,-314.57286095E-03,+5.06532657892E+00
-2.27500E-06,-298.49245911E-03,+5.06532657892E+00
-2.25000E-06,-299.24622795E-03,+5.06532657892E+00
-2.22500E-06,-310.30150421E-03,+5.12562808581E+00
-2.20000E-06,-310.55276049E-03,+5.06532657892E+00
-2.17500E-06,-289.44723308E-03,+4.99999994645E+00
-2.15000E-06,-288.19095169E-03,+5.06532657892E+00
-2.12500E-06,-304.27135353E-03,+5.12562808581E+00
-2.10000E-06,-309.54773538E-03,+5.06532657892E+00
-2.07500E-06,-293.46733354E-03,+5.14572858810E+00
-2.05000E-06,-285.42713262E-03,+5.12060296023E+00
-2.02500E-06,-301.50753446E-03,+5.06532657892E+00
-2.00000E-06,-298.49245911E-03,+5.04020095104E+00
-1.97500E-06,-280.40200705E-03,+4.99999994645E+00
-1.95000E-06,-270.35175590E-03,+5.00502507202E+00
-1.92500E-06,-285.17587634E-03,+5.06532657892E+00
-1.90000E-06,-296.23115261E-03,+5.06532657892E+00
-1.87500E-06,-278.39195682E-03,+5.06532657892E+00
-1.85000E-06,-266.33165544E-03,+5.06532657892E+00
-1.82500E-06,-273.11557496E-03,+5.06532657892E+00
-1.80000E-06,-288.19095169E-03,+5.12060296023E+00
-1.77500E-06,-274.37185636E-03,+5.06532657892E+00
-1.75000E-06,-257.28642941E-03,+5.06532657892E+00
-1.72500E-06,-266.08039916E-03,+5.04522607662E+00
-1.70000E-06,-274.12060008E-03,+5.06532657892E+00
-1.67500E-06,-263.31658009E-03,+5.06532657892E+00
-1.65000E-06,-249.24622849E-03,+5.06532657892E+00
-1.62500E-06,-248.99497221E-03,+5.12562808581E+00
-1.60000E-06,-268.09044939E-03,+5.12060296023E+00
-1.57500E-06,-260.30150475E-03,+5.06532657892E+00
-1.55000E-06,-239.19597734E-03,+5.06532657892E+00
-1.52500E-06,-237.93969594E-03,+5.06532657892E+00
-1.50000E-06,-254.02009778E-03,+5.08542708121E+00
-1.47500E-06,-251.25627872E-03,+5.06532657892E+00
-1.45000E-06,-235.17587688E-03,+5.06532657892E+00
-1.42500E-06,-232.16080153E-03,+5.06532657892E+00
-1.40000E-06,-240.95477129E-03,+5.06532657892E+00
-1.37500E-06,-239.19597734E-03,+5.06532657892E+00
-1.35000E-06,-224.12060061E-03,+5.06532657892E+00
-1.32500E-06,-210.80401784E-03,+4.99999994645E+00
-1.30000E-06,-219.84924388E-03,+5.06532657892E+00
-1.27500E-06,-229.14572619E-03,+5.06532657892E+00
-1.25000E-06,-216.08039970E-03,+5.06532657892E+00
-1.22500E-06,-201.00502297E-03,+5.06532657892E+00
-1.20000E-06,-205.77889227E-03,+5.00502507202E+00
-1.17500E-06,-217.08542481E-03,+5.06532657892E+00
-1.15000E-06,-199.99999786E-03,+5.00502507202E+00
-1.12500E-06,-184.92462113E-03,+4.98492456973E+00
-1.10000E-06,-189.69849043E-03,+5.06532657892E+00
-1.07500E-06,-201.75879181E-03,+5.08040195564E+00
-1.05000E-06,-187.93969648E-03,+5.08542708121E+00
-1.02500E-06,-172.86431976E-03,+5.06532657892E+00
-1.00000E-06,-169.59798813E-03,+5.06532657892E+00
-975.00E-09,-182.66331463E-03,+5.06532657892E+00
-950.00E-09,-177.88944533E-03,+5.06532657892E+00
-925.00E-09,-159.79899326E-03,+5.04522607662E+00
-900.00E-09,-154.52261141E-03,+5.06532657892E+00
-875.00E-09,-162.56281233E-03,+5.06532657892E+00
-850.00E-09,-162.81406861E-03,+5.00502507202E+00
-825.00E-09,-148.74371700E-03,+5.06532657892E+00
-800.00E-09,-136.68341562E-03,+5.06532657892E+00
-775.00E-09,-150.50251095E-03,+4.99999994645E+00
-750.00E-09,-148.74371700E-03,+5.06532657892E+00
-725.00E-09,-134.67336539E-03,+5.06532657892E+00
-700.00E-09,-118.59296355E-03,+5.06532657892E+00
-675.00E-09,-128.39195842E-03,+5.06532657892E+00
-650.00E-09,-133.66834028E-03,+5.06532657892E+00
-625.00E-09,-120.60301378E-03,+4.99999994645E+00
-600.00E-09,-105.52763706E-03,+5.12060296023E+00
-575.00E-09,-105.27638078E-03,+5.08040195564E+00
-550.00E-09,-116.58291332E-03,+5.06532657892E+00
-525.00E-09,-105.52763706E-03,+5.06532657892E+00
-500.00E-09,-87.18592871E-03,+5.06532657892E+00
-475.00E-09,-82.16080314E-03,+5.14572858810E+00
-450.00E-09,-100.50251149E-03,+5.06532657892E+00
-425.00E-09,-92.46231057E-03,+5.12562808581E+00
-400.00E-09,-72.36180827E-03,+5.06532657892E+00
-375.00E-09,-68.09045153E-03,+4.99999994645E+00
-350.00E-09,-79.14572780E-03,+5.12060296023E+00
-325.00E-09,-75.37688361E-03,+5.12562808581E+00
-300.00E-09,-55.27638132E-03,+5.06532657892E+00
-275.00E-09,-46.98492412E-03,+5.12562808581E+00
-250.00E-09,-60.05025061E-03,+5.14572858810E+00
-225.00E-09,-60.30150689E-03,+5.08040195564E+00
-200.00E-09,-39.19597948E-03,+5.14572858810E+00
-175.00E-09,-30.90452228E-03,+5.08040195564E+00
-150.00E-09,-42.96482366E-03,+5.14572858810E+00
-125.00E-09,-42.21105482E-03,+5.14572858810E+00
-100.00E-09,-22.11055253E-03,+5.14572858810E+00
-75.00E-09,-8.79396976E-03,+5.14572858810E+00
-50.00E-09,-17.83919579E-03,+5.14572858810E+00
-25.00E-09,-24.12060276E-03,+5.12562808581E+00
+0.0E+00,-6.03015069E-03,+5.06532657892E+00
+25.00E-09,+7.03517580E-03,+5.08040195564E+00
+50.00E-09,+119.34673239E-03,+3.37185926037E+00
+75.00E-09,-35.17587902E-03,+2.55276379175E+00
+100.00E-09,+49.99999946E-03,+1.66331656510E+00
+125.00E-09,+74.37185850E-03,+738.69345943E-03
+150.00E-09,+13.06532649E-03,+241.20602757E-03
+175.00E-09,+17.83919579E-03,-60.30150689E-03
+200.00E-09,+59.04522550E-03,+80.40200919E-03
+225.00E-09,+31.15577856E-03,-15.07537672E-03
+250.00E-09,+33.16582879E-03,-35.17587902E-03
+275.00E-09,+39.94974832E-03,+60.30150689E-03
+300.00E-09,+41.95979855E-03,+35.17587902E-03
+325.00E-09,+65.32663247E-03,+0.0E+00
+350.00E-09,+43.21607994E-03,-20.10050230E-03
+375.00E-09,+40.95477343E-03,-80.40200919E-03
+400.00E-09,+65.07537619E-03,+0.0E+00
+425.00E-09,+72.36180827E-03,+0.0E+00
+450.00E-09,+69.34673293E-03,+0.0E+00
+475.00E-09,+65.07537619E-03,+0.0E+00
+500.00E-09,+79.14572780E-03,+0.0E+00
+525.00E-09,+95.47738591E-03,+60.30150689E-03
+550.00E-09,+83.41708453E-03,+0.0E+00
+575.00E-09,+78.14070268E-03,+0.0E+00
+600.00E-09,+94.22110452E-03,-55.27638132E-03
+625.00E-09,+108.54271241E-03,-80.40200919E-03
+650.00E-09,+105.52763706E-03,+0.0E+00
+675.00E-09,+88.44221011E-03,-15.07537672E-03
+700.00E-09,+103.26633055E-03,+0.0E+00
+725.00E-09,+124.62311424E-03,-60.30150689E-03
+750.00E-09,+121.60803890E-03,+0.0E+00
+775.00E-09,+105.27638078E-03,+0.0E+00
+800.00E-09,+115.32663193E-03,+0.0E+00
+825.00E-09,+136.68341562E-03,-15.07537672E-03
+850.00E-09,+138.69346585E-03,+0.0E+00
+875.00E-09,+128.64321470E-03,+0.0E+00
+900.00E-09,+128.64321470E-03,+0.0E+00
+925.00E-09,+149.49748584E-03,-60.30150689E-03
+950.00E-09,+153.76884257E-03,-80.40200919E-03
+975.00E-09,+139.69849097E-03,+0.0E+00
+1.00000E-06,+140.70351608E-03,-55.27638132E-03
+1.02500E-06,+161.55778721E-03,+0.0E+00
+1.05000E-06,+168.84421930E-03,+0.0E+00
+1.07500E-06,+161.80904349E-03,+0.0E+00
+1.10000E-06,+156.78391792E-03,+0.0E+00
+1.12500E-06,+173.61808859E-03,-80.40200919E-03
+1.15000E-06,+183.66833974E-03,-20.10050230E-03
+1.17500E-06,+170.85426953E-03,+0.0E+00
+1.20000E-06,+168.84421930E-03,+0.0E+00
+1.22500E-06,+180.65326440E-03,-15.07537672E-03
+1.25000E-06,+195.72864112E-03,+0.0E+00
+1.27500E-06,+191.95979694E-03,-15.07537672E-03
+1.30000E-06,+180.90452068E-03,+0.0E+00
+1.32500E-06,+188.69346532E-03,+15.07537672E-03
+1.35000E-06,+205.02512343E-03,-80.40200919E-03
+1.37500E-06,+201.00502297E-03,+15.07537672E-03
+1.40000E-06,+191.95979694E-03,+0.0E+00
+1.42500E-06,+197.73869135E-03,+0.0E+00
+1.45000E-06,+213.81909319E-03,+0.0E+00
+1.47500E-06,+216.08039970E-03,-15.07537672E-03
+1.50000E-06,+203.01507320E-03,+20.10050230E-03
+1.52500E-06,+202.76381692E-03,-60.30150689E-03
+1.55000E-06,+219.84924388E-03,+0.0E+00
+1.57500E-06,+224.12060061E-03,+0.0E+00
+1.60000E-06,+216.08039970E-03,+0.0E+00
+1.62500E-06,+213.81909319E-03,-60.30150689E-03
+1.65000E-06,+229.89949503E-03,+0.0E+00
+1.67500E-06,+237.18592711E-03,+60.30150689E-03
+1.70000E-06,+225.12562573E-03,+0.0E+00
+1.72500E-06,+217.08542481E-03,+0.0E+00
+1.75000E-06,+229.89949503E-03,-20.10050230E-03
+1.77500E-06,+241.95979640E-03,+0.0E+00
+1.80000E-06,+231.15577642E-03,+0.0E+00
+1.82500E-06,+229.89949503E-03,+60.30150689E-03
+1.85000E-06,+241.95979640E-03,+0.0E+00
+1.87500E-06,+247.23617826E-03,+0.0E+00
+1.90000E-06,+243.21607780E-03,+55.27638132E-03
+1.92500E-06,+230.90452014E-03,+0.0E+00
+1.95000E-06,+242.96482152E-03,-20.10050230E-03
+1.97500E-06,+256.28140429E-03,+0.0E+00
+2.00000E-06,+250.25125360E-03,-55.27638132E-03
+2.02500E-06,+233.16582665E-03,+0.0E+00
+2.05000E-06,+247.98994709E-03,+20.10050230E-03
+2.07500E-06,+258.04019824E-03,+0.0E+00
+2.10000E-06,+248.24120337E-03,-20.10050230E-03
+2.12500E-06,+241.95979640E-03,+15.07537672E-03
+2.15000E-06,+247.98994709E-03,+0.0E+00
+2.17500E-06,+260.30150475E-03,-60.30150689E-03
+2.20000E-06,+255.27637918E-03,-55.27638132E-03
+2.22500E-06,+241.95979640E-03,+0.0E+00
+2.25000E-06,+256.03014801E-03,-20.10050230E-03
+2.27500E-06,+266.33165544E-03,+0.0E+00
+2.30000E-06,+254.27135406E-03,+0.0E+00
+2.32500E-06,+246.98492198E-03,-60.30150689E-03
+2.35000E-06,+255.02512290E-03,-20.10050230E-03
+2.37500E-06,+262.31155498E-03,+0.0E+00
+2.40000E-06,+248.24120337E-03,+0.0E+00
+2.42500E-06,+246.98492198E-03,+0.0E+00
+2.45000E-06,+260.05024847E-03,+20.10050230E-03
+2.47500E-06,+260.30150475E-03,-15.07537672E-03
+2.50000E-06,+245.22612803E-03,+0.0E+00
+2.52500E-06,+249.99999732E-03,+0.0E+00
+2.55000E-06,+259.04522336E-03,-80.40200919E-03
+2.57500E-06,+252.26130383E-03,-15.07537672E-03
+2.60000E-06,+237.18592711E-03,+0.0E+00
+2.62500E-06,+242.96482152E-03,-15.07537672E-03
+2.65000E-06,+256.03014801E-03,+20.10050230E-03
+2.67500E-06,+256.28140429E-03,+15.07537672E-03
+2.70000E-06,+237.18592711E-03,+0.0E+00
+2.72500E-06,+242.96482152E-03,+0.0E+00
+2.75000E-06,+251.00502244E-03,-20.10050230E-03
+2.77500E-06,+242.21105268E-03,-60.30150689E-03
+2.80000E-06,+227.13567596E-03,+0.0E+00
+2.82500E-06,+245.22612803E-03,+0.0E+00
+2.85000E-06,+249.24622849E-03,+20.10050230E-03
+2.87500E-06,+228.14070107E-03,+0.0E+00
+2.90000E-06,+226.88441968E-03,+0.0E+00
+2.92500E-06,+241.95979640E-03,+0.0E+00
+2.95000E-06,+241.20602757E-03,+0.0E+00
+2.97500E-06,+221.85929411E-03,-15.07537672E-03
+3.00000E-06,+223.86934434E-03,+0.0E+00
+3.02500E-06,+239.19597734E-03,+0.0E+00
+3.05000E-06,+230.15075130E-03,+0.0E+00
+3.07500E-06,+213.81909319E-03,-15.07537672E-03
+3.10000E-06,+226.88441968E-03,+0.0E+00
+3.12500E-06,+232.16080153E-03,-60.30150689E-03
+3.15000E-06,+216.08039970E-03,+0.0E+00
+3.17500E-06,+205.77889227E-03,+0.0E+00
+3.20000E-06,+222.86431922E-03,-55.27638132E-03
+3.22500E-06,+227.13567596E-03,+0.0E+00
+3.25000E-06,+204.02009832E-03,+0.0E+00
+3.27500E-06,+206.78391738E-03,+0.0E+00
+3.30000E-06,+217.08542481E-03,-20.10050230E-03
+3.32500E-06,+210.05024901E-03,+15.07537672E-03
+3.35000E-06,+196.98492251E-03,+55.27638132E-03
+3.37500E-06,+203.76884204E-03,-95.47738591E-03
+3.40000E-06,+211.80904296E-03,-80.40200919E-03
+3.42500E-06,+197.98994763E-03,+0.0E+00
+3.45000E-06,+192.96482205E-03,+0.0E+00
+3.47500E-06,+196.73366623E-03,+0.0E+00
+3.50000E-06,+207.78894250E-03,+0.0E+00
+3.52500E-06,+191.95979694E-03,+0.0E+00
+3.55000E-06,+179.64823928E-03,+0.0E+00
+3.57500E-06,+194.72361600E-03,+0.0E+00
+3.60000E-06,+196.98492251E-03,+0.0E+00
+3.62500E-06,+179.89949556E-03,+0.0E+00
+3.65000E-06,+169.84924441E-03,+0.0E+00
+3.67500E-06,+175.62813882E-03,+0.0E+00
+3.70000E-06,+184.92462113E-03,+0.0E+00
+3.72500E-06,+168.84421930E-03,+15.07537672E-03
+3.75000E-06,+156.78391792E-03,-80.40200919E-03
+3.77500E-06,+158.54271187E-03,+0.0E+00
+3.80000E-06,+167.58793790E-03,+0.0E+00
+3.82500E-06,+150.75376723E-03,-15.07537672E-03
+3.85000E-06,+137.68844074E-03,+0.0E+00
+3.87500E-06,+139.44723469E-03,+0.0E+00
+3.90000E-06,+148.74371700E-03,+55.27638132E-03
+3.92500E-06,+136.68341562E-03,+0.0E+00
+3.95000E-06,+120.60301378E-03,+0.0E+00
+3.97500E-06,+127.38693331E-03,-60.30150689E-03
+4.00000E-06,+133.66834028E-03,+0.0E+00
+4.02500E-06,+116.58291332E-03,+0.0E+00
+4.05000E-06,+108.54271241E-03,-55.27638132E-03
+4.07500E-06,+121.35678262E-03,-60.30150689E-03
+4.10000E-06,+120.60301378E-03,+0.0E+00
+4.12500E-06,+104.52261195E-03,+0.0E+00
+4.15000E-06,+91.20602917E-03,-55.27638132E-03
+4.17500E-06,+98.24120498E-03,-60.30150689E-03
+4.20000E-06,+105.52763706E-03,-55.27638132E-03
+4.22500E-06,+85.42713476E-03,+60.30150689E-03
+4.25000E-06,+72.36180827E-03,+20.10050230E-03
+4.27500E-06,+79.14572780E-03,+0.0E+00
+4.30000E-06,+91.20602917E-03,+35.17587902E-03
+4.32500E-06,+66.33165758E-03,+15.07537672E-03
+4.35000E-06,+60.30150689E-03,-55.27638132E-03
+4.37500E-06,+66.08040130E-03,-60.30150689E-03
+4.40000E-06,+72.36180827E-03,+0.0E+00
+4.42500E-06,+49.24623063E-03,+0.0E+00
+4.45000E-06,+45.97989901E-03,+20.10050230E-03
+4.47500E-06,+57.03517527E-03,+60.30150689E-03
+4.50000E-06,+53.26633109E-03,+55.27638132E-03
+4.52500E-06,+31.15577856E-03,+0.0E+00
+4.55000E-06,+31.90954740E-03,-20.10050230E-03
+4.57500E-06,+36.93467297E-03,-60.30150689E-03
+4.60000E-06,+30.15075345E-03,+0.0E+00
+4.62500E-06,+15.07537672E-03,-15.07537672E-03
+4.65000E-06,+12.81407021E-03,+0.0E+00
+4.67500E-06,+24.12060276E-03,+0.0E+00
+4.70000E-06,+11.05527626E-03,+0.0E+00
+4.72500E-06,-1.75879395E-03,+0.0E+00
+4.75000E-06,-4.02010046E-03,+0.0E+00
+4.77500E-06,-1.00502511E-03,+0.0E+00
+4.80000E-06,+0.0E+00,+0.0E+00
+4.82500E-06,-25.87939671E-03,-15.07537672E-03
+4.85000E-06,-24.12060276E-03,+0.0E+00
+4.87500E-06,-12.06030138E-03,+0.0E+00
+4.90000E-06,-24.87437159E-03,+0.0E+00
+4.92500E-06,-43.21607994E-03,+0.0E+00
+4.95000E-06,-35.17587902E-03,+0.0E+00
+4.97500E-06,-32.16080368E-03,-60.30150689E-03
+5.00000E-06,-42.96482366E-03,+0.0E+00
+5.02500E-06,-59.29648178E-03,-15.07537672E-03
+5.05000E-06,-51.25628086E-03,+0.0E+00
+5.07500E-06,-48.24120551E-03,+60.30150689E-03
+5.10000E-06,-72.11055199E-03,+55.27638132E-03
+5.12500E-06,-75.37688361E-03,-60.30150689E-03
+5.15000E-06,-63.31658224E-03,-80.40200919E-03
+5.17500E-06,-65.07537619E-03,+0.0E+00
+5.20000E-06,-82.16080314E-03,+0.0E+00
+5.22500E-06,-95.47738591E-03,-15.07537672E-03
+5.25000E-06,-85.42713476E-03,+20.10050230E-03
+5.27500E-06,-80.40200919E-03,+0.0E+00
+5.30000E-06,-99.24623009E-03,+0.0E+00
+5.32500E-06,-109.54773752E-03,-60.30150689E-03
+5.35000E-06,-101.50753660E-03,+0.0E+00
+5.37500E-06,-101.25628032E-03,-60.30150689E-03
+5.40000E-06,-124.37185796E-03,+0.0E+00
+5.42500E-06,-125.62813936E-03,+0.0E+00
+5.45000E-06,-114.57286309E-03,-35.17587902E-03
+5.47500E-06,-125.37688308E-03,+0.0E+00
+5.50000E-06,-146.48241049E-03,+0.0E+00
+5.52500E-06,-138.69346585E-03,+0.0E+00
+5.55000E-06,-133.66834028E-03,-20.10050230E-03
+5.57500E-06,-139.44723469E-03,+0.0E+00
+5.60000E-06,-154.52261141E-03,+0.0E+00
+5.62500E-06,-155.77889280E-03,-15.07537672E-03
+5.65000E-06,-146.73366677E-03,+0.0E+00
+5.67500E-06,-154.52261141E-03,+0.0E+00
+5.70000E-06,-177.63818905E-03,+0.0E+00
+5.72500E-06,-176.88442022E-03,-60.30150689E-03
+5.75000E-06,-161.80904349E-03,+0.0E+00
+5.77500E-06,-170.60301325E-03,+0.0E+00
+5.80000E-06,-188.69346532E-03,+0.0E+00
+5.82500E-06,-190.95477182E-03,+0.0E+00
+5.85000E-06,-175.87939510E-03,+0.0E+00
+5.87500E-06,-182.66331463E-03,+60.30150689E-03
+5.90000E-06,-205.77889227E-03,+35.17587902E-03
+5.92500E-06,-204.02009832E-03,-60.30150689E-03
+5.95000E-06,-199.99999786E-03,+60.30150689E-03
+5.97500E-06,-269.09547450E-03,+2.19095475040E+00
+6.00000E-06,-264.07034893E-03,+3.77889443189E+00
+6.02500E-06,-232.16080153E-03,+4.58291452378E+00
+6.05000E-06,-232.16080153E-03,+4.82412055135E+00
+6.07500E-06,-215.82914342E-03,+4.98492456973E+00
+6.10000E-06,-231.90954525E-03,+5.00502507202E+00
+6.12500E-06,-243.21607780E-03,+4.98492456973E+00
+6.15000E-06,-227.13567596E-03,+4.98492456973E+00
+6.17500E-06,-225.87939457E-03,+4.90452256054E+00
+6.20000E-06,-245.97989686E-03,+4.98492456973E+00
+6.22500E-06,-244.22110291E-03,+4.99999994645E+00
+6.25000E-06,-242.21105268E-03,+4.98492456973E+00
+6.27500E-06,-228.14070107E-03,+4.99999994645E+00
+6.30000E-06,-240.95477129E-03,+5.00502507202E+00
+6.32500E-06,-261.30652986E-03,+5.06532657892E+00
+6.35000E-06,-256.28140429E-03,+5.06532657892E+00
+6.37500E-06,-244.22110291E-03,+4.99999994645E+00
+6.40000E-06,-249.24622849E-03,+5.06532657892E+00
+6.42500E-06,-267.08542428E-03,+5.06532657892E+00
+6.45000E-06,-264.32160521E-03,+5.04020095104E+00
+6.47500E-06,-253.26632895E-03,+5.06532657892E+00
+6.50000E-06,-252.01004755E-03,+5.06532657892E+00
+6.52500E-06,-271.10552473E-03,+5.08040195564E+00
+6.55000E-06,-272.36180613E-03,+5.06532657892E+00
+6.57500E-06,-259.29647963E-03,+5.06532657892E+00
+6.60000E-06,-257.28642941E-03,+5.04020095104E+00
+6.62500E-06,-282.16080100E-03,+4.99999994645E+00
+6.65000E-06,-286.43215774E-03,+5.00502507202E+00
+6.67500E-06,-271.35678101E-03,+5.04522607662E+00
+6.70000E-06,-268.09044939E-03,+5.08542708121E+00
+6.72500E-06,-287.18592657E-03,+5.12562808581E+00
+6.75000E-06,-296.48240888E-03,+5.06532657892E+00
+6.77500E-06,-283.41708239E-03,+5.08040195564E+00
+6.80000E-06,-277.38693170E-03,+5.06532657892E+00
+6.82500E-06,-290.20100192E-03,+4.99999994645E+00
+6.85000E-06,-301.50753446E-03,+5.00502507202E+00
+6.87500E-06,-295.47738377E-03,+5.06532657892E+00
+6.90000E-06,-285.42713262E-03,+5.06532657892E+00
+6.92500E-06,-295.22612749E-03,+5.06532657892E+00
+6.95000E-06,-306.53266003E-03,+5.04020095104E+00
+6.97500E-06,-300.50250934E-03,+5.06532657892E+00
+7.00000E-06,-289.44723308E-03,+5.04020095104E+00
+7.02500E-06,-296.23115261E-03,+5.08040195564E+00
+7.05000E-06,-312.31155444E-03,+5.04020095104E+00
+7.07500E-06,-307.53768515E-03,+5.06532657892E+00
+7.10000E-06,-297.48743400E-03,+5.06532657892E+00
+7.12500E-06,-301.25627818E-03,+5.06532657892E+00
+7.15000E-06,-315.32662979E-03,+5.12060296023E+00
+7.17500E-06,-311.55778561E-03,+5.02010044875E+00
+7.20000E-06,-299.49748423E-03,+5.06532657892E+00
+7.22500E-06,-300.25125307E-03,+4.99999994645E+00
+7.25000E-06,-311.30652933E-03,+5.06532657892E+00
+7.27500E-06,-316.58291118E-03,+4.96482406743E+00
+7.30000E-06,-303.51758469E-03,+5.06532657892E+00
+7.32500E-06,-299.24622795E-03,+5.06532657892E+00
+7.35000E-06,-319.34673025E-03,+5.06532657892E+00
+7.37500E-06,-320.60301164E-03,+5.06532657892E+00
+7.40000E-06,-304.52260980E-03,+5.04020095104E+00
+7.42500E-06,-299.24622795E-03,+5.06532657892E+00
+7.45000E-06,-319.34673025E-03,+5.06532657892E+00
+7.47500E-06,-320.60301164E-03,+5.04522607662E+00
+7.50000E-06,-306.53266003E-03,+5.04020095104E+00
+7.52500E-06,-296.23115261E-03,+5.08040195564E+00
+7.55000E-06,-311.30652933E-03,+5.06532657892E+00
+7.57500E-06,-320.60301164E-03,+5.06532657892E+00
+7.60000E-06,-307.53768515E-03,+5.06532657892E+00
+7.62500E-06,-293.46733354E-03,+4.99999994645E+00
+7.65000E-06,-305.27637864E-03,+5.06532657892E+00
+7.67500E-06,-311.30652933E-03,+5.06532657892E+00
+7.70000E-06,-306.53266003E-03,+5.04020095104E+00
+7.72500E-06,-296.48240888E-03,+5.06532657892E+00
+7.75000E-06,-302.26130330E-03,+5.10050245794E+00
+7.77500E-06,-313.56783584E-03,+4.99999994645E+00
+7.80000E-06,-307.53768515E-03,+5.06532657892E+00
+7.82500E-06,-286.18090146E-03,+5.08040195564E+00
+7.85000E-06,-295.22612749E-03,+5.08542708121E+00
+7.87500E-06,-310.30150421E-03,+5.06532657892E+00
+7.90000E-06,-305.52763492E-03,+5.06532657892E+00
+7.92500E-06,-291.45728331E-03,+5.06532657892E+00
+7.95000E-06,-287.18592657E-03,+5.06532657892E+00
+7.97500E-06,-305.52763492E-03,+5.12562808581E+00
+8.00000E-06,-302.51255957E-03,+5.14572858810E+00
+8.02500E-06,-284.42210751E-03,+5.06532657892E+00
+8.05000E-06,-274.37185636E-03,+5.06532657892E+00
+8.07500E-06,-285.17587634E-03,+5.06532657892E+00
+8.10000E-06,-293.46733354E-03,+5.06532657892E+00
+8.12500E-06,-282.41205728E-03,+5.06532657892E+00
+8.15000E-06,-266.33165544E-03,+5.06532657892E+00
+8.17500E-06,-286.18090146E-03,+5.06532657892E+00
+8.20000E-06,-285.42713262E-03,+5.06532657892E+00
+8.22500E-06,-275.37688147E-03,+5.06532657892E+00
+8.25000E-06,-258.29145452E-03,+5.02512557432E+00
+8.27500E-06,-263.06532382E-03,+5.06532657892E+00
+8.30000E-06,-277.38693170E-03,+5.12060296023E+00
+8.32500E-06,-263.31658009E-03,+5.06532657892E+00
+8.35000E-06,-251.25627872E-03,+5.06532657892E+00
+8.37500E-06,-253.01507267E-03,+5.02010044875E+00
+8.40000E-06,-269.34673078E-03,+5.06532657892E+00
+8.42500E-06,-258.29145452E-03,+5.04522607662E+00
+8.45000E-06,-240.20100245E-03,+5.08542708121E+00
+8.47500E-06,-241.20602757E-03,+5.12562808581E+00
+8.50000E-06,-254.02009778E-03,+5.06532657892E+00
+8.52500E-06,-252.26130383E-03,+5.06532657892E+00
+8.55000E-06,-231.15577642E-03,+5.04020095104E+00
+8.57500E-06,-230.90452014E-03,+5.06532657892E+00
+8.60000E-06,-239.94974617E-03,+5.06532657892E+00
+8.62500E-06,-239.19597734E-03,+5.06532657892E+00
+8.65000E-06,-220.10050016E-03,+5.08542708121E+00
+8.67500E-06,-213.81909319E-03,+5.06532657892E+00
+8.70000E-06,-218.84421876E-03,+5.06532657892E+00
+8.72500E-06,-224.12060061E-03,+5.08040195564E+00
+8.75000E-06,-210.05024901E-03,+5.08542708121E+00
+8.77500E-06,-201.00502297E-03,+5.06532657892E+00
+8.80000E-06,-206.78391738E-03,+5.06532657892E+00
+8.82500E-06,-213.06532435E-03,+5.06532657892E+00
+8.85000E-06,-196.98492251E-03,+5.04020095104E+00
+8.87500E-06,-187.93969648E-03,+5.06532657892E+00
+8.90000E-06,-192.71356578E-03,+5.06532657892E+00
+8.92500E-06,-201.00502297E-03,+5.06532657892E+00
+8.95000E-06,-190.95477182E-03,+5.00502507202E+00
+8.97500E-06,-171.85929464E-03,+5.06532657892E+00
+9.00000E-06,-175.62813882E-03,+5.10050245794E+00
+9.02500E-06,-182.66331463E-03,+5.06532657892E+00
+9.05000E-06,-181.90954579E-03,+4.98492456973E+00
+9.07500E-06,-158.79396815E-03,+5.06532657892E+00
+9.10000E-06,-152.76381746E-03,+5.12060296023E+00
+9.12500E-06,-165.57788767E-03,+5.06532657892E+00
+9.15000E-06,-168.84421930E-03,+5.06532657892E+00
+9.17500E-06,-146.73366677E-03,+5.08040195564E+00
+9.20000E-06,-138.44220957E-03,+5.06532657892E+00
+9.22500E-06,-146.48241049E-03,+5.06532657892E+00
+9.25000E-06,-149.74874211E-03,+5.08542708121E+00
+9.27500E-06,-134.67336539E-03,+5.06532657892E+00
+9.30000E-06,-121.60803890E-03,+5.12060296023E+00
+9.32500E-06,-127.38693331E-03,+5.08040195564E+00
+9.35000E-06,-136.68341562E-03,+5.12060296023E+00
+9.37500E-06,-117.58793844E-03,+5.12562808581E+00
+9.40000E-06,-105.52763706E-03,+5.08542708121E+00
+9.42500E-06,-112.31155659E-03,+5.06532657892E+00
+9.45000E-06,-114.32160682E-03,+5.08542708121E+00
+9.47500E-06,-102.51256172E-03,+5.04522607662E+00
+9.50000E-06,-88.44221011E-03,+5.12060296023E+00
+9.52500E-06,-90.20100406E-03,+5.08040195564E+00
+9.55000E-06,-103.26633055E-03,+5.08542708121E+00
+9.57500E-06,-91.45728545E-03,+5.08040195564E+00
+9.60000E-06,-72.36180827E-03,+5.06532657892E+00
+9.62500E-06,-69.09547665E-03,+5.14572858810E+00
+9.65000E-06,-86.18090360E-03,+5.02512557432E+00
+9.67500E-06,-78.39195896E-03,+5.06532657892E+00
+9.70000E-06,-53.26633109E-03,+5.06532657892E+00
+9.72500E-06,-52.01004969E-03,+5.08040195564E+00
+9.75000E-06,-58.04020038E-03,+5.08542708121E+00
+9.77500E-06,-63.31658224E-03,+5.06532657892E+00
+9.80000E-06,-41.20602971E-03,+5.12060296023E+00
+9.82500E-06,-29.89949717E-03,+5.08040195564E+00
+9.85000E-06,-36.93467297E-03,+5.14572858810E+00
+9.87500E-06,-47.23618040E-03,+5.14572858810E+00
+9.90000E-06,-18.09045207E-03,+5.14572858810E+00
+9.92500E-06,-12.06030138E-03,+5.14572858810E+00
+9.95000E-06,-20.85427113E-03,+5.14572858810E+00
+9.97500E-06,-27.13567810E-03,+5.12562808581E+00
+10.00000E-06,-6.03015069E-03,+5.06532657892E+00
+10.02500E-06,+7.03517580E-03,+5.06532657892E+00
+10.05000E-06,+118.34170728E-03,+3.35175875807E+00
+10.07500E-06,-72.36180827E-03,+2.89447233081E+00
+10.10000E-06,+53.01507481E-03,+1.72361807199E+00
+10.12500E-06,+89.44723522E-03,+819.09546861E-03
+10.15000E-06,+16.08040184E-03,+160.80401838E-03
+10.17500E-06,+12.06030138E-03,+0.0E+00
+10.20000E-06,+51.00502458E-03,+160.80401838E-03
+10.22500E-06,+39.19597948E-03,+0.0E+00
+10.25000E-06,+50.25125574E-03,-55.27638132E-03
+10.27500E-06,+28.89447205E-03,+0.0E+00
+10.30000E-06,+39.94974832E-03,-100.50251149E-03
+10.32500E-06,+72.36180827E-03,+15.07537672E-03
+10.35000E-06,+47.23618040E-03,-20.10050230E-03
+10.37500E-06,+47.23618040E-03,+0.0E+00
+10.40000E-06,+54.02009992E-03,-55.27638132E-03
+10.42500E-06,+72.36180827E-03,+0.0E+00
+10.45000E-06,+83.41708453E-03,+20.10050230E-03
+10.47500E-06,+61.05527573E-03,-15.07537672E-03
+10.50000E-06,+68.34170781E-03,-20.10050230E-03
+10.52500E-06,+93.21607940E-03,-40.20100459E-03
+10.55000E-06,+95.22612963E-03,+0.0E+00
+10.57500E-06,+85.42713476E-03,+15.07537672E-03
+10.60000E-06,+84.42210965E-03,-55.27638132E-03
+10.62500E-06,+97.23617986E-03,-60.30150689E-03
+10.65000E-06,+106.53266218E-03,+20.10050230E-03
+10.67500E-06,+95.47738591E-03,+0.0E+00
+10.70000E-06,+95.22612963E-03,+0.0E+00
+10.72500E-06,+111.30653147E-03,+0.0E+00
+10.75000E-06,+127.38693331E-03,+0.0E+00
+10.77500E-06,+119.59798867E-03,-40.20100459E-03
+10.80000E-06,+109.54773752E-03,-55.27638132E-03
+10.82500E-06,+127.38693331E-03,-15.07537672E-03
+10.85000E-06,+143.46733515E-03,+0.0E+00
+10.87500E-06,+133.66834028E-03,+0.0E+00
+10.90000E-06,+132.66331516E-03,+0.0E+00
+10.92500E-06,+139.44723469E-03,+15.07537672E-03
+10.95000E-06,+154.52261141E-03,-20.10050230E-03
+10.97500E-06,+155.77889280E-03,+0.0E+00
+11.00000E-06,+142.71356631E-03,-55.27638132E-03
+11.02500E-06,+147.48743561E-03,+0.0E+00
+11.05000E-06,+165.82914395E-03,+0.0E+00
+11.07500E-06,+170.85426953E-03,+0.0E+00
+11.10000E-06,+158.79396815E-03,+0.0E+00
+11.12500E-06,+164.82411884E-03,+0.0E+00
+11.15000E-06,+185.67838997E-03,-80.40200919E-03
+11.17500E-06,+183.91959602E-03,+0.0E+00
+11.20000E-06,+173.86934487E-03,-55.27638132E-03
+11.22500E-06,+176.88442022E-03,-15.07537672E-03
+11.25000E-06,+193.71859089E-03,+0.0E+00
+11.27500E-06,+194.97487228E-03,+60.30150689E-03
+11.30000E-06,+186.93467136E-03,+0.0E+00
+11.32500E-06,+185.67838997E-03,+0.0E+00
+11.35000E-06,+201.75879181E-03,+0.0E+00
+11.37500E-06,+207.03517366E-03,-60.30150689E-03
+11.40000E-06,+197.98994763E-03,+0.0E+00
+11.42500E-06,+192.96482205E-03,-15.07537672E-03
+11.45000E-06,+205.77889227E-03,+0.0E+00
+11.47500E-06,+221.10552527E-03,+0.0E+00
+11.50000E-06,+212.06029924E-03,+0.0E+00
+11.52500E-06,+204.02009832E-03,+0.0E+00
+11.55000E-06,+211.80904296E-03,+0.0E+00
+11.57500E-06,+229.14572619E-03,-15.07537672E-03
+11.60000E-06,+221.10552527E-03,+0.0E+00
+11.62500E-06,+208.04019878E-03,-15.07537672E-03
+11.65000E-06,+219.84924388E-03,+0.0E+00
+11.67500E-06,+234.92462060E-03,+0.0E+00
+11.70000E-06,+232.16080153E-03,+0.0E+00
+11.72500E-06,+221.10552527E-03,+15.07537672E-03
+11.75000E-06,+222.11055038E-03,+0.0E+00
+11.77500E-06,+241.20602757E-03,-60.30150689E-03
+11.80000E-06,+242.21105268E-03,+0.0E+00
+11.82500E-06,+227.13567596E-03,-15.07537672E-03
+11.85000E-06,+229.14572619E-03,+0.0E+00
+11.87500E-06,+246.98492198E-03,+0.0E+00
+11.90000E-06,+254.27135406E-03,+0.0E+00
+11.92500E-06,+239.19597734E-03,+0.0E+00
+11.95000E-06,+233.16582665E-03,+35.17587902E-03
+11.97500E-06,+247.98994709E-03,-60.30150689E-03
+12.00000E-06,+258.29145452E-03,+0.0E+00
+12.02500E-06,+248.24120337E-03,-15.07537672E-03
+12.05000E-06,+238.94472106E-03,+0.0E+00
+12.07500E-06,+251.00502244E-03,+60.30150689E-03
+12.10000E-06,+254.27135406E-03,+0.0E+00
+12.12500E-06,+246.23115314E-03,+0.0E+00
+12.15000E-06,+245.97989686E-03,+0.0E+00
+12.17500E-06,+254.02009778E-03,+0.0E+00
+12.20000E-06,+261.30652986E-03,-80.40200919E-03
+12.22500E-06,+245.22612803E-03,+60.30150689E-03
+12.25000E-06,+241.20602757E-03,+20.10050230E-03
+12.27500E-06,+255.02512290E-03,+0.0E+00
+12.30000E-06,+260.05024847E-03,+0.0E+00
+12.32500E-06,+255.27637918E-03,+0.0E+00
+12.35000E-06,+237.18592711E-03,-55.27638132E-03
+12.37500E-06,+252.01004755E-03,+0.0E+00
+12.40000E-06,+260.05024847E-03,+0.0E+00
+12.42500E-06,+248.24120337E-03,+0.0E+00
+12.45000E-06,+239.94974617E-03,-55.27638132E-03
+12.47500E-06,+255.02512290E-03,+0.0E+00
+12.50000E-06,+261.30652986E-03,+0.0E+00
+12.52500E-06,+246.23115314E-03,-15.07537672E-03
+12.55000E-06,+238.19095222E-03,-80.40200919E-03
+12.57500E-06,+243.96984663E-03,-60.30150689E-03
+12.60000E-06,+257.28642941E-03,+0.0E+00
+12.62500E-06,+245.22612803E-03,+0.0E+00
+12.65000E-06,+234.17085176E-03,-55.27638132E-03
+12.67500E-06,+243.96984663E-03,+0.0E+00
+12.70000E-06,+256.03014801E-03,-20.10050230E-03
+12.72500E-06,+242.21105268E-03,+60.30150689E-03
+12.75000E-06,+233.91959548E-03,-80.40200919E-03
+12.77500E-06,+245.97989686E-03,-40.20100459E-03
+12.80000E-06,+252.01004755E-03,-55.27638132E-03
+12.82500E-06,+229.14572619E-03,-15.07537672E-03
+12.85000E-06,+227.88944480E-03,-20.10050230E-03
+12.87500E-06,+242.96482152E-03,-15.07537672E-03
+12.90000E-06,+245.22612803E-03,+0.0E+00
+12.92500E-06,+221.10552527E-03,+0.0E+00
+12.95000E-06,+229.89949503E-03,-55.27638132E-03
+12.97500E-06,+241.95979640E-03,+0.0E+00
+13.00000E-06,+229.14572619E-03,+0.0E+00
+13.02500E-06,+221.10552527E-03,-15.07537672E-03
+13.05000E-06,+233.91959548E-03,+0.0E+00
+13.07500E-06,+233.91959548E-03,+0.0E+00
+13.10000E-06,+221.10552527E-03,+0.0E+00
+13.12500E-06,+214.82411830E-03,+0.0E+00
+13.15000E-06,+222.86431922E-03,+0.0E+00
+13.17500E-06,+231.15577642E-03,+15.07537672E-03
+13.20000E-06,+211.05527412E-03,+0.0E+00
+13.22500E-06,+209.79899273E-03,-15.07537672E-03
+13.25000E-06,+231.90954525E-03,+0.0E+00
+13.27500E-06,+225.12562573E-03,+15.07537672E-03
+13.30000E-06,+207.03517366E-03,+20.10050230E-03
+13.32500E-06,+209.79899273E-03,+0.0E+00
+13.35000E-06,+222.86431922E-03,+0.0E+00
+13.37500E-06,+214.07034947E-03,+0.0E+00
+13.40000E-06,+194.97487228E-03,+0.0E+00
+13.42500E-06,+205.77889227E-03,+0.0E+00
+13.45000E-06,+215.82914342E-03,+0.0E+00
+13.47500E-06,+205.02512343E-03,+0.0E+00
+13.50000E-06,+189.94974671E-03,+0.0E+00
+13.52500E-06,+188.69346532E-03,+15.07537672E-03
+13.55000E-06,+203.76884204E-03,+55.27638132E-03
+13.57500E-06,+196.98492251E-03,+0.0E+00
+13.60000E-06,+174.87436999E-03,-55.27638132E-03
+13.62500E-06,+178.64321417E-03,+0.0E+00
+13.65000E-06,+190.70351555E-03,-20.10050230E-03
+13.67500E-06,+181.90954579E-03,+0.0E+00
+13.70000E-06,+161.80904349E-03,+55.27638132E-03
+13.72500E-06,+161.55778721E-03,-60.30150689E-03
+13.75000E-06,+171.60803836E-03,+0.0E+00
+13.77500E-06,+164.82411884E-03,-60.30150689E-03
+13.80000E-06,+143.71859143E-03,-55.27638132E-03
+13.82500E-06,+139.44723469E-03,-15.07537672E-03
+13.85000E-06,+154.52261141E-03,+0.0E+00
+13.87500E-06,+150.75376723E-03,+0.0E+00
+13.90000E-06,+125.62813936E-03,+0.0E+00
+13.92500E-06,+131.40703377E-03,-40.20100459E-03
+13.95000E-06,+138.44220957E-03,+35.17587902E-03
+13.97500E-06,+134.67336539E-03,+0.0E+00
+14.00000E-06,+115.57788821E-03,+0.0E+00
+14.02500E-06,+109.29648124E-03,-15.07537672E-03
+14.05000E-06,+123.36683285E-03,+0.0E+00
+14.07500E-06,+118.59296355E-03,+0.0E+00
+14.10000E-06,+100.50251149E-03,+0.0E+00
+14.12500E-06,+98.24120498E-03,-60.30150689E-03
+14.15000E-06,+109.29648124E-03,-20.10050230E-03
+14.17500E-06,+104.52261195E-03,+0.0E+00
+14.20000E-06,+89.44723522E-03,-55.27638132E-03
+14.22500E-06,+77.13567757E-03,-15.07537672E-03
+14.25000E-06,+94.22110452E-03,+0.0E+00
+14.27500E-06,+94.47236080E-03,+0.0E+00
+14.30000E-06,+75.37688361E-03,+0.0E+00
+14.32500E-06,+66.08040130E-03,+0.0E+00
+14.35000E-06,+73.11557711E-03,-80.40200919E-03
+14.37500E-06,+76.38190873E-03,-15.07537672E-03
+14.40000E-06,+59.29648178E-03,-55.27638132E-03
+14.42500E-06,+49.99999946E-03,-80.40200919E-03
+14.45000E-06,+62.06030084E-03,+0.0E+00
+14.47500E-06,+56.28140643E-03,+0.0E+00
+14.50000E-06,+33.16582879E-03,+0.0E+00
+14.52500E-06,+33.91959763E-03,-60.30150689E-03
+14.55000E-06,+45.97989901E-03,-20.10050230E-03
+14.57500E-06,+38.19095436E-03,-60.30150689E-03
+14.60000E-06,+15.07537672E-03,-55.27638132E-03
+14.62500E-06,+20.10050230E-03,+0.0E+00
+14.65000E-06,+26.88442182E-03,+0.0E+00
+14.67500E-06,+14.07035161E-03,+0.0E+00
+14.70000E-06,-4.02010046E-03,+0.0E+00
+14.72500E-06,+8.79396976E-03,-60.30150689E-03
+14.75000E-06,+8.04020092E-03,+0.0E+00
+14.77500E-06,-12.81407021E-03,-15.07537672E-03
+14.80000E-06,-20.10050230E-03,+0.0E+00
+14.82500E-06,-14.07035161E-03,+0.0E+00
+14.85000E-06,-10.80401998E-03,+0.0E+00
+14.87500E-06,-25.87939671E-03,+0.0E+00
+14.90000E-06,-37.18592925E-03,+0.0E+00
+14.92500E-06,-26.13065299E-03,+0.0E+00
+14.95000E-06,-25.12562787E-03,+55.27638132E-03
+14.97500E-06,-48.99497435E-03,-60.30150689E-03
+15.00000E-06,-53.26633109E-03,+0.0E+00
+15.02500E-06,-40.20100459E-03,+0.0E+00
+15.05000E-06,-48.99497435E-03,+55.27638132E-03
+15.07500E-06,-62.06030084E-03,+0.0E+00
+15.10000E-06,-67.33668270E-03,+0.0E+00
+15.12500E-06,-62.31155712E-03,+15.07537672E-03
+15.15000E-06,-61.30653201E-03,+0.0E+00
+15.17500E-06,-85.17587848E-03,-15.07537672E-03
+15.20000E-06,-89.44723522E-03,-55.27638132E-03
+15.22500E-06,-72.36180827E-03,+15.07537672E-03
+15.25000E-06,-89.19597894E-03,+20.10050230E-03
+15.27500E-06,-104.52261195E-03,+0.0E+00
+15.30000E-06,-96.48241103E-03,+80.40200919E-03
+15.32500E-06,-92.46231057E-03,-60.30150689E-03
+15.35000E-06,-109.29648124E-03,+0.0E+00
+15.37500E-06,-124.62311424E-03,-60.30150689E-03
+15.40000E-06,-117.58793844E-03,+0.0E+00
+15.42500E-06,-108.54271241E-03,+0.0E+00
+15.45000E-06,-128.39195842E-03,+0.0E+00
+15.47500E-06,-140.70351608E-03,-15.07537672E-03
+15.50000E-06,-137.68844074E-03,+0.0E+00
+15.52500E-06,-125.37688308E-03,-40.20100459E-03
+15.55000E-06,-139.44723469E-03,+0.0E+00
+15.57500E-06,-157.78894303E-03,-15.07537672E-03
+15.60000E-06,-146.73366677E-03,+0.0E+00
+15.62500E-06,-139.44723469E-03,+0.0E+00
+15.65000E-06,-156.53266164E-03,+20.10050230E-03
+15.67500E-06,-172.86431976E-03,+60.30150689E-03
+15.70000E-06,-161.80904349E-03,+0.0E+00
+15.72500E-06,-155.77889280E-03,+0.0E+00
+15.75000E-06,-169.59798813E-03,-20.10050230E-03
+15.77500E-06,-187.93969648E-03,-15.07537672E-03
+15.80000E-06,-184.92462113E-03,-55.27638132E-03
+15.82500E-06,-168.84421930E-03,+0.0E+00
+15.85000E-06,-178.64321417E-03,+0.0E+00
+15.87500E-06,-203.01507320E-03,+0.0E+00
+15.90000E-06,-192.96482205E-03,+55.27638132E-03
+15.92500E-06,-183.91959602E-03,+0.0E+00
+15.95000E-06,-206.78391738E-03,+1.34170852834E+00
+15.97500E-06,-210.05024901E-03,+1.16582913324E+00
+16.00000E-06,-254.27135406E-03,+2.77386931702E+00
+16.02500E-06,-258.04019824E-03,+3.91959794797E+00
+16.05000E-06,-203.76884204E-03,+4.74371854216E+00
+16.07500E-06,-249.99999732E-03,+4.90452256054E+00
+16.10000E-06,-239.19597734E-03,+4.92462306283E+00
+16.12500E-06,-209.04522389E-03,+5.06532657892E+00
+16.15000E-06,-231.90954525E-03,+4.95979894185E+00
+16.17500E-06,-238.94472106E-03,+4.90452256054E+00
+16.20000E-06,-241.20602757E-03,+4.98492456973E+00
+16.22500E-06,-239.19597734E-03,+4.91959793726E+00
+16.25000E-06,-221.10552527E-03,+4.98492456973E+00
+16.27500E-06,-246.98492198E-03,+4.99999994645E+00
+16.30000E-06,-254.27135406E-03,+5.04020095104E+00
+16.32500E-06,-236.18090199E-03,+5.06532657892E+00
+16.35000E-06,-237.18592711E-03,+5.06532657892E+00
+16.37500E-06,-256.03014801E-03,+5.12562808581E+00
+16.40000E-06,-269.34673078E-03,+4.98492456973E+00
+16.42500E-06,-255.27637918E-03,+4.98492456973E+00
+16.45000E-06,-243.21607780E-03,+5.06532657892E+00
+16.47500E-06,-264.07034893E-03,+5.04522607662E+00
+16.50000E-06,-276.13065031E-03,+5.06532657892E+00
+16.52500E-06,-264.32160521E-03,+5.06532657892E+00
+16.55000E-06,-258.29145452E-03,+5.06532657892E+00
+16.57500E-06,-268.09044939E-03,+5.08040195564E+00
+16.60000E-06,-283.16582611E-03,+5.04020095104E+00
+16.62500E-06,-271.35678101E-03,+5.08040195564E+00
+16.65000E-06,-263.31658009E-03,+5.06532657892E+00
+16.67500E-06,-275.12562519E-03,+5.06532657892E+00
+16.70000E-06,-291.20602703E-03,+5.06532657892E+00
+16.72500E-06,-294.47235866E-03,+5.06532657892E+00
+16.75000E-06,-278.39195682E-03,+5.06532657892E+00
+16.77500E-06,-281.40703216E-03,+5.06532657892E+00
+16.80000E-06,-298.24120284E-03,+5.06532657892E+00
+16.82500E-06,-299.49748423E-03,+4.99999994645E+00
+16.85000E-06,-283.41708239E-03,+5.00502507202E+00
+16.87500E-06,-286.18090146E-03,+5.06532657892E+00
+16.90000E-06,-300.25125307E-03,+5.06532657892E+00
+16.92500E-06,-307.53768515E-03,+5.06532657892E+00
+16.95000E-06,-297.48743400E-03,+5.06532657892E+00
+16.97500E-06,-289.44723308E-03,+5.06532657892E+00
+17.00000E-06,-313.31657956E-03,+5.06532657892E+00
+17.02500E-06,-312.56281072E-03,+5.08040195564E+00
+17.05000E-06,-298.49245911E-03,+5.06532657892E+00
+17.07500E-06,-298.24120284E-03,+5.06532657892E+00
+17.10000E-06,-307.28642887E-03,+5.06532657892E+00
+17.12500E-06,-320.60301164E-03,+5.04522607662E+00
+17.15000E-06,-306.53266003E-03,+5.04020095104E+00
+17.17500E-06,-297.48743400E-03,+5.06532657892E+00
+17.20000E-06,-309.29647910E-03,+5.06532657892E+00
+17.22500E-06,-321.60803676E-03,+5.06532657892E+00
+17.25000E-06,-311.55778561E-03,+5.06532657892E+00
+17.27500E-06,-296.48240888E-03,+5.08040195564E+00
+17.30000E-06,-302.26130330E-03,+5.06532657892E+00
+17.32500E-06,-320.60301164E-03,+5.06532657892E+00
+17.35000E-06,-309.54773538E-03,+5.06532657892E+00
+17.37500E-06,-297.48743400E-03,+5.12562808581E+00
+17.40000E-06,-306.28140375E-03,+5.06532657892E+00
+17.42500E-06,-318.34170513E-03,+5.06532657892E+00
+17.45000E-06,-312.56281072E-03,+5.04020095104E+00
+17.47500E-06,-297.48743400E-03,+5.06532657892E+00
+17.50000E-06,-299.24622795E-03,+5.06532657892E+00
+17.52500E-06,-315.32662979E-03,+5.06532657892E+00
+17.55000E-06,-317.58793630E-03,+5.08542708121E+00
+17.57500E-06,-298.49245911E-03,+5.12562808581E+00
+17.60000E-06,-293.46733354E-03,+5.04020095104E+00
+17.62500E-06,-309.29647910E-03,+5.04522607662E+00
+17.65000E-06,-314.57286095E-03,+5.06532657892E+00
+17.67500E-06,-302.51255957E-03,+5.06532657892E+00
+17.70000E-06,-296.23115261E-03,+5.12060296023E+00
+17.72500E-06,-307.28642887E-03,+5.12562808581E+00
+17.75000E-06,-314.57286095E-03,+5.04020095104E+00
+17.77500E-06,-301.50753446E-03,+4.99999994645E+00
+17.80000E-06,-292.21105215E-03,+5.04020095104E+00
+17.82500E-06,-303.26632841E-03,+5.06532657892E+00
+17.85000E-06,-310.55276049E-03,+5.04020095104E+00
+17.87500E-06,-298.49245911E-03,+5.06532657892E+00
+17.90000E-06,-286.43215774E-03,+5.06532657892E+00
+17.92500E-06,-291.20602703E-03,+5.12562808581E+00
+17.95000E-06,-303.26632841E-03,+5.06532657892E+00
+17.97500E-06,-298.49245911E-03,+5.06532657892E+00
+18.00000E-06,-282.41205728E-03,+5.06532657892E+00
+18.02500E-06,-282.16080100E-03,+5.08040195564E+00
+18.05000E-06,-296.23115261E-03,+5.06532657892E+00
+18.07500E-06,-291.45728331E-03,+5.06532657892E+00
+18.10000E-06,-272.36180613E-03,+5.06532657892E+00
+18.12500E-06,-273.11557496E-03,+5.08040195564E+00
+18.15000E-06,-286.18090146E-03,+5.06532657892E+00
+18.17500E-06,-286.43215774E-03,+5.06532657892E+00
+18.20000E-06,-271.35678101E-03,+5.06532657892E+00
+18.22500E-06,-262.06029870E-03,+5.06532657892E+00
+18.25000E-06,-274.12060008E-03,+5.00502507202E+00
+18.27500E-06,-275.37688147E-03,+5.12562808581E+00
+18.30000E-06,-258.29145452E-03,+5.06532657892E+00
+18.32500E-06,-249.99999732E-03,+5.06532657892E+00
+18.35000E-06,-262.06029870E-03,+5.06532657892E+00
+18.37500E-06,-271.35678101E-03,+5.06532657892E+00
+18.40000E-06,-255.27637918E-03,+5.00502507202E+00
+18.42500E-06,-241.95979640E-03,+5.06532657892E+00
+18.45000E-06,-255.02512290E-03,+5.06532657892E+00
+18.47500E-06,-260.30150475E-03,+5.06532657892E+00
+18.50000E-06,-246.23115314E-03,+5.06532657892E+00
+18.52500E-06,-226.88441968E-03,+5.02010044875E+00
+18.55000E-06,-236.93467083E-03,+5.06532657892E+00
+18.57500E-06,-245.97989686E-03,+4.98492456973E+00
+18.60000E-06,-239.19597734E-03,+5.06532657892E+00
+18.62500E-06,-221.10552527E-03,+5.06532657892E+00
+18.65000E-06,-222.86431922E-03,+5.06532657892E+00
+18.67500E-06,-233.91959548E-03,+5.06532657892E+00
+18.70000E-06,-227.13567596E-03,+5.06532657892E+00
+18.72500E-06,-211.05527412E-03,+5.06532657892E+00
+18.75000E-06,-205.02512343E-03,+5.06532657892E+00
+18.77500E-06,-221.10552527E-03,+5.06532657892E+00
+18.80000E-06,-218.09044993E-03,+5.04020095104E+00
+18.82500E-06,-195.97989740E-03,+5.06532657892E+00
+18.85000E-06,-191.70854066E-03,+5.08542708121E+00
+18.87500E-06,-202.76381692E-03,+5.06532657892E+00
+18.90000E-06,-202.01004809E-03,+5.06532657892E+00
+18.92500E-06,-182.91457091E-03,+5.12562808581E+00
+18.95000E-06,-172.86431976E-03,+5.04020095104E+00
+18.97500E-06,-180.65326440E-03,+5.06532657892E+00
+19.00000E-06,-187.68844020E-03,+5.00502507202E+00
+19.02500E-06,-171.85929464E-03,+5.04522607662E+00
+19.05000E-06,-160.80401838E-03,+5.06532657892E+00
+19.07500E-06,-161.55778721E-03,+5.12562808581E+00
+19.10000E-06,-174.62311371E-03,+5.06532657892E+00
+19.12500E-06,-164.82411884E-03,+5.06532657892E+00
+19.15000E-06,-145.72864166E-03,+5.06532657892E+00
+19.17500E-06,-147.48743561E-03,+5.04522607662E+00
+19.20000E-06,-155.52763653E-03,+5.00502507202E+00
+19.22500E-06,-148.74371700E-03,+5.06532657892E+00
+19.25000E-06,-127.63818959E-03,+5.06532657892E+00
+19.27500E-06,-123.36683285E-03,+4.99999994645E+00
+19.30000E-06,-140.45225980E-03,+5.12060296023E+00
+19.32500E-06,-138.69346585E-03,+5.06532657892E+00
+19.35000E-06,-119.59798867E-03,+5.12060296023E+00
+19.37500E-06,-110.30150636E-03,+5.06532657892E+00
+19.40000E-06,-121.35678262E-03,+5.00502507202E+00
+19.42500E-06,-122.61306401E-03,+5.04522607662E+00
+19.45000E-06,-104.52261195E-03,+5.06532657892E+00
+19.47500E-06,-92.46231057E-03,+5.12562808581E+00
+19.50000E-06,-97.23617986E-03,+5.14572858810E+00
+19.52500E-06,-107.53768729E-03,+5.04522607662E+00
+19.55000E-06,-91.45728545E-03,+5.06532657892E+00
+19.57500E-06,-76.38190873E-03,+5.06532657892E+00
+19.60000E-06,-78.14070268E-03,+5.06532657892E+00
+19.62500E-06,-87.43718499E-03,+5.06532657892E+00
+19.65000E-06,-75.37688361E-03,+5.06532657892E+00
+19.67500E-06,-57.03517527E-03,+5.14572858810E+00
+19.70000E-06,-57.03517527E-03,+5.14572858810E+00
+19.72500E-06,-69.09547665E-03,+5.08040195564E+00
+19.75000E-06,-55.27638132E-03,+5.14572858810E+00
+19.77500E-06,-36.93467297E-03,+5.14572858810E+00
+19.80000E-06,-36.93467297E-03,+5.12060296023E+00
+19.82500E-06,-49.99999946E-03,+5.06532657892E+00
+19.85000E-06,-45.22613017E-03,+5.14572858810E+00
+19.87500E-06,-23.11557764E-03,+5.14572858810E+00
+19.90000E-06,-18.84422090E-03,+5.14572858810E+00
+19.92500E-06,-32.91457251E-03,+5.08040195564E+00
+19.95000E-06,-29.14572833E-03,+5.08542708121E+00
+19.97500E-06,-6.03015069E-03,+5.08040195564E+00
+20.00000E-06,+1.00502511E-03,+5.12060296023E+00
+20.02500E-06,-6.78391953E-03,+5.10050245794E+00
+20.05000E-06,+83.41708453E-03,+3.87437181780E+00
+20.07500E-06,-11.05527626E-03,+2.73366831243E+00
+20.10000E-06,+60.30150689E-03,+1.88442209037E+00
+20.12500E-06,+53.26633109E-03,+819.09546861E-03
+20.15000E-06,+23.86934648E-03,+241.20602757E-03
+20.17500E-06,+28.89447205E-03,+0.0E+00
+20.20000E-06,+59.29648178E-03,+80.40200919E-03
+20.22500E-06,+16.08040184E-03,-15.07537672E-03
+20.25000E-06,+30.90452228E-03,+0.0E+00
+20.27500E-06,+55.02512504E-03,+0.0E+00
+20.30000E-06,+46.23115528E-03,-20.10050230E-03
+20.32500E-06,+43.21607994E-03,-60.30150689E-03
+20.35000E-06,+40.95477343E-03,-20.10050230E-03
+20.37500E-06,+58.04020038E-03,-80.40200919E-03
+20.40000E-06,+72.36180827E-03,+0.0E+00
+20.42500E-06,+62.31155712E-03,+0.0E+00
+20.45000E-06,+57.28643155E-03,+20.10050230E-03
+20.47500E-06,+75.12562734E-03,+0.0E+00
+20.50000E-06,+88.44221011E-03,+20.10050230E-03
+20.52500E-06,+87.43718499E-03,+15.07537672E-03
+20.55000E-06,+73.36683339E-03,-80.40200919E-03
+20.57500E-06,+87.18592871E-03,-60.30150689E-03
+20.60000E-06,+104.52261195E-03,+0.0E+00
+20.62500E-06,+95.47738591E-03,+0.0E+00
+20.65000E-06,+88.44221011E-03,+0.0E+00
+20.67500E-06,+98.24120498E-03,+0.0E+00
+20.70000E-06,+115.32663193E-03,-55.27638132E-03
+20.72500E-06,+114.57286309E-03,-60.30150689E-03
+20.75000E-06,+98.49246126E-03,-20.10050230E-03
+20.77500E-06,+112.31155659E-03,-80.40200919E-03
+20.80000E-06,+130.40200865E-03,-55.27638132E-03
+20.82500E-06,+132.66331516E-03,+0.0E+00
+20.85000E-06,+125.62813936E-03,+20.10050230E-03
+20.87500E-06,+126.38190819E-03,+0.0E+00
