x-axis,1
second,Volt
-25.00000E-06,-32.19095431E-03
-24.97500E-06,-38.22110500E-03
-24.95000E-06,-40.23115523E-03
-24.92500E-06,-46.26130592E-03
-24.90000E-06,-46.26130592E-03
-24.87500E-06,-52.29145661E-03
-24.85000E-06,-52.16582847E-03
-24.82500E-06,-52.29145661E-03
-24.80000E-06,-54.30150684E-03
-24.77500E-06,-50.28140638E-03
-24.75000E-06,-52.29145661E-03
-24.72500E-06,-50.15577824E-03
-24.70000E-06,-46.26130592E-03
-24.67500E-06,-44.12562755E-03
-24.65000E-06,-40.10552709E-03
-24.62500E-06,-34.20100454E-03
-24.60000E-06,-32.19095431E-03
-24.57500E-06,-28.17085385E-03
-24.55000E-06,-24.15075339E-03
-24.52500E-06,-18.12060270E-03
-24.50000E-06,-12.09045202E-03
-24.47500E-06,-10.08040179E-03
-24.45000E-06,-4.05025110E-03
-24.42500E-06,-1.91457273E-03
-24.40000E-06,+2.10552773E-03
-24.37500E-06,+9.89447237E-03
-24.35000E-06,+12.03015074E-03
-24.32500E-06,+16.05025120E-03
-24.30000E-06,+22.08040189E-03
-24.27500E-06,+28.11055258E-03
-24.25000E-06,+36.15075350E-03
-24.22500E-06,+38.16080373E-03
-24.20000E-06,+38.03517559E-03
-24.17500E-06,+40.17085396E-03
-24.15000E-06,+40.04522582E-03
-24.12500E-06,+42.18090419E-03
-24.10000E-06,+44.06532628E-03
-24.07500E-06,+40.17085396E-03
-24.05000E-06,+40.17085396E-03
-24.02500E-06,+40.17085396E-03
-24.00000E-06,+38.03517559E-03
-23.97500E-06,+36.15075350E-03
-23.95000E-06,+36.02512536E-03
-23.92500E-06,+34.14070327E-03
-23.90000E-06,+32.00502490E-03
-23.87500E-06,+28.11055258E-03
-23.85000E-06,+24.09045212E-03
-23.82500E-06,+24.09045212E-03
-23.80000E-06,+22.08040189E-03
-23.77500E-06,+18.06030143E-03
-23.75000E-06,+15.92462306E-03
-23.72500E-06,+11.90452260E-03
-23.70000E-06,+8.01005028E-03
-23.67500E-06,+3.98994982E-03
-23.65000E-06,-30.15064E-06
-23.62500E-06,-4.05025110E-03
-23.60000E-06,-10.08040179E-03
-23.57500E-06,-16.11055247E-03
-23.55000E-06,-22.14070316E-03
-23.52500E-06,-26.16080362E-03
-23.50000E-06,-30.18090408E-03
-23.47500E-06,-36.21105477E-03
-23.45000E-06,-38.22110500E-03
-23.42500E-06,-42.24120546E-03
-23.40000E-06,-44.25125569E-03
-23.37500E-06,-48.27135615E-03
-23.35000E-06,-50.28140638E-03
-23.32500E-06,-54.30150684E-03
-23.30000E-06,-54.17587870E-03
-23.27500E-06,-54.30150684E-03
-23.25000E-06,-52.29145661E-03
-23.22500E-06,-52.29145661E-03
-23.20000E-06,-48.27135615E-03
-23.17500E-06,-48.14572801E-03
-23.15000E-06,-42.24120546E-03
-23.12500E-06,-40.23115523E-03
-23.10000E-06,-34.20100454E-03
-23.07500E-06,-32.19095431E-03
-23.05000E-06,-28.04522571E-03
-23.02500E-06,-24.02512525E-03
-23.00000E-06,-16.11055247E-03
-22.97500E-06,-12.09045202E-03
-22.95000E-06,-10.08040179E-03
-22.92500E-06,-4.05025110E-03
-22.90000E-06,-2.04020087E-03
-22.87500E-06,+3.98994982E-03
-22.85000E-06,+8.01005028E-03
-22.82500E-06,+10.02010051E-03
-22.80000E-06,+16.05025120E-03
-22.77500E-06,+20.07035166E-03
-22.75000E-06,+24.09045212E-03
-22.72500E-06,+28.11055258E-03
-22.70000E-06,+32.13065304E-03
-22.67500E-06,+34.14070327E-03
-22.65000E-06,+38.16080373E-03
-22.62500E-06,+40.17085396E-03
-22.60000E-06,+42.18090419E-03
-22.57500E-06,+42.18090419E-03
-22.55000E-06,+42.18090419E-03
-22.52500E-06,+42.18090419E-03
-22.50000E-06,+40.04522582E-03
-22.47500E-06,+38.16080373E-03
-22.45000E-06,+38.16080373E-03
-22.42500E-06,+34.14070327E-03
-22.40000E-06,+32.13065304E-03
-22.37500E-06,+32.13065304E-03
-22.35000E-06,+30.12060281E-03
-22.32500E-06,+26.10050235E-03
-22.30000E-06,+25.97487421E-03
-22.27500E-06,+22.08040189E-03
-22.25000E-06,+19.94472352E-03
-22.22500E-06,+16.05025120E-03
-22.20000E-06,+12.03015074E-03
-22.17500E-06,+8.01005028E-03
-22.15000E-06,+3.98994982E-03
-22.12500E-06,-30.15064E-06
-22.10000E-06,-5.93467319E-03
-22.07500E-06,-11.96482388E-03
-22.05000E-06,-14.10050225E-03
-22.02500E-06,-22.01507502E-03
-22.00000E-06,-24.02512525E-03
-21.97500E-06,-32.19095431E-03
-21.95000E-06,-34.20100454E-03
-21.92500E-06,-38.22110500E-03
-21.90000E-06,-42.24120546E-03
-21.87500E-06,-44.25125569E-03
-21.85000E-06,-48.14572801E-03
-21.82500E-06,-50.15577824E-03
-21.80000E-06,-50.28140638E-03
-21.77500E-06,-52.29145661E-03
-21.75000E-06,-52.29145661E-03
-21.72500E-06,-50.28140638E-03
-21.70000E-06,-50.28140638E-03
-21.67500E-06,-48.27135615E-03
-21.65000E-06,-42.24120546E-03
-21.62500E-06,-38.09547686E-03
-21.60000E-06,-36.08542663E-03
-21.57500E-06,-32.19095431E-03
-21.55000E-06,-28.04522571E-03
-21.52500E-06,-22.14070316E-03
-21.50000E-06,-20.13065293E-03
-21.47500E-06,-16.11055247E-03
-21.45000E-06,-10.08040179E-03
-21.42500E-06,-6.06030133E-03
-21.40000E-06,-1.91457273E-03
-21.37500E-06,+3.98994982E-03
-21.35000E-06,+6.00000005E-03
-21.32500E-06,+12.03015074E-03
-21.30000E-06,+14.04020097E-03
-21.27500E-06,+18.06030143E-03
-21.25000E-06,+23.96482398E-03
-21.22500E-06,+26.10050235E-03
-21.20000E-06,+32.13065304E-03
-21.17500E-06,+34.14070327E-03
-21.15000E-06,+38.16080373E-03
-21.12500E-06,+38.16080373E-03
-21.10000E-06,+42.05527605E-03
-21.07500E-06,+40.17085396E-03
-21.05000E-06,+42.18090419E-03
-21.02500E-06,+44.19095442E-03
-21.00000E-06,+42.18090419E-03
-20.97500E-06,+40.17085396E-03
-20.95000E-06,+40.17085396E-03
-20.92500E-06,+38.16080373E-03
-20.90000E-06,+36.15075350E-03
-20.87500E-06,+34.14070327E-03
-20.85000E-06,+32.13065304E-03
-20.82500E-06,+30.12060281E-03
-20.80000E-06,+27.98492444E-03
-20.77500E-06,+24.09045212E-03
-20.75000E-06,+21.95477375E-03
-20.72500E-06,+19.94472352E-03
-20.70000E-06,+15.92462306E-03
-20.67500E-06,+10.02010051E-03
-20.65000E-06,+7.88442214E-03
-20.62500E-06,+3.98994982E-03
-20.60000E-06,-30.15064E-06
-20.57500E-06,-6.06030133E-03
-20.55000E-06,-12.09045202E-03
-20.52500E-06,-16.11055247E-03
-20.50000E-06,-22.01507502E-03
-20.47500E-06,-28.17085385E-03
-20.45000E-06,-30.18090408E-03
-20.42500E-06,-36.08542663E-03
-20.40000E-06,-38.09547686E-03
-20.37500E-06,-42.24120546E-03
-20.35000E-06,-44.25125569E-03
-20.32500E-06,-46.26130592E-03
-20.30000E-06,-52.16582847E-03
-20.27500E-06,-54.30150684E-03
-20.25000E-06,-54.30150684E-03
-20.22500E-06,-54.30150684E-03
-20.20000E-06,-54.17587870E-03
-20.17500E-06,-52.16582847E-03
-20.15000E-06,-48.27135615E-03
-20.12500E-06,-46.13567778E-03
-20.10000E-06,-44.12562755E-03
-20.07500E-06,-38.22110500E-03
-20.05000E-06,-34.20100454E-03
-20.02500E-06,-30.18090408E-03
-20.00000E-06,-26.03517548E-03
-19.97500E-06,-22.01507502E-03
-19.95000E-06,-16.11055247E-03
-19.92500E-06,-15.98492434E-03
-19.90000E-06,-8.07035156E-03
-19.87500E-06,-6.06030133E-03
-19.85000E-06,+1.97989959E-03
-19.82500E-06,+3.98994982E-03
-19.80000E-06,+8.01005028E-03
-19.77500E-06,+10.02010051E-03
-19.75000E-06,+16.05025120E-03
-19.72500E-06,+20.07035166E-03
-19.70000E-06,+25.97487421E-03
-19.67500E-06,+28.11055258E-03
-19.65000E-06,+32.13065304E-03
-19.62500E-06,+36.15075350E-03
-19.60000E-06,+38.16080373E-03
-19.57500E-06,+42.18090419E-03
-19.55000E-06,+42.05527605E-03
-19.52500E-06,+38.16080373E-03
-19.50000E-06,+40.04522582E-03
-19.47500E-06,+38.16080373E-03
-19.45000E-06,+38.16080373E-03
-19.42500E-06,+40.04522582E-03
-19.40000E-06,+38.16080373E-03
-19.37500E-06,+34.14070327E-03
-19.35000E-06,+32.13065304E-03
-19.32500E-06,+30.12060281E-03
-19.30000E-06,+27.98492444E-03
-19.27500E-06,+24.09045212E-03
-19.25000E-06,+24.09045212E-03
-19.22500E-06,+18.06030143E-03
-19.20000E-06,+17.93467329E-03
-19.17500E-06,+12.03015074E-03
-19.15000E-06,+10.02010051E-03
-19.12500E-06,+6.00000005E-03
-19.10000E-06,-30.15064E-06
-19.07500E-06,-4.05025110E-03
-19.05000E-06,-8.07035156E-03
-19.02500E-06,-13.97487411E-03
-19.00000E-06,-18.12060270E-03
-18.97500E-06,-26.16080362E-03
-18.95000E-06,-30.18090408E-03
-18.92500E-06,-36.21105477E-03
-18.90000E-06,-36.21105477E-03
-18.87500E-06,-42.24120546E-03
-18.85000E-06,-44.25125569E-03
-18.82500E-06,-48.27135615E-03
-18.80000E-06,-50.15577824E-03
-18.77500E-06,-54.17587870E-03
-18.75000E-06,-54.30150684E-03
-18.72500E-06,-58.19597916E-03
-18.70000E-06,-54.30150684E-03
-18.67500E-06,-52.16582847E-03
-18.65000E-06,-48.27135615E-03
-18.62500E-06,-48.27135615E-03
-18.60000E-06,-42.24120546E-03
-18.57500E-06,-38.22110500E-03
-18.55000E-06,-38.22110500E-03
-18.52500E-06,-34.20100454E-03
-18.50000E-06,-30.18090408E-03
-18.47500E-06,-24.15075339E-03
-18.45000E-06,-20.13065293E-03
-18.42500E-06,-18.12060270E-03
-18.40000E-06,-10.08040179E-03
-18.37500E-06,-6.06030133E-03
-18.35000E-06,-4.05025110E-03
-18.32500E-06,-30.15064E-06
-18.30000E-06,+6.00000005E-03
-18.27500E-06,+10.02010051E-03
-18.25000E-06,+15.92462306E-03
-18.22500E-06,+18.06030143E-03
-18.20000E-06,+22.08040189E-03
-18.17500E-06,+29.99497467E-03
-18.15000E-06,+28.11055258E-03
-18.12500E-06,+30.12060281E-03
-18.10000E-06,+38.16080373E-03
-18.07500E-06,+40.17085396E-03
-18.05000E-06,+42.18090419E-03
-18.02500E-06,+44.19095442E-03
-18.00000E-06,+46.20100465E-03
-17.97500E-06,+40.17085396E-03
-17.95000E-06,+44.19095442E-03
-17.92500E-06,+42.18090419E-03
-17.90000E-06,+42.18090419E-03
-17.87500E-06,+36.15075350E-03
-17.85000E-06,+36.15075350E-03
-17.82500E-06,+34.01507513E-03
-17.80000E-06,+32.13065304E-03
-17.77500E-06,+30.12060281E-03
-17.75000E-06,+26.10050235E-03
-17.72500E-06,+26.10050235E-03
-17.70000E-06,+23.96482398E-03
-17.67500E-06,+18.06030143E-03
-17.65000E-06,+20.07035166E-03
-17.62500E-06,+12.03015074E-03
-17.60000E-06,+7.88442214E-03
-17.57500E-06,+6.00000005E-03
-17.55000E-06,+1.97989959E-03
-17.52500E-06,-4.05025110E-03
-17.50000E-06,-14.10050225E-03
-17.47500E-06,-14.10050225E-03
-17.45000E-06,-18.12060270E-03
-17.42500E-06,-24.15075339E-03
-17.40000E-06,-30.18090408E-03
-17.37500E-06,-30.18090408E-03
-17.35000E-06,-34.20100454E-03
-17.32500E-06,-42.24120546E-03
-17.30000E-06,-44.25125569E-03
-17.27500E-06,-46.26130592E-03
-17.25000E-06,-46.26130592E-03
-17.22500E-06,-52.29145661E-03
-17.20000E-06,-52.16582847E-03
-17.17500E-06,-54.30150684E-03
-17.15000E-06,-46.26130592E-03
-17.12500E-06,-52.29145661E-03
-17.10000E-06,-44.25125569E-03
-17.07500E-06,-44.12562755E-03
-17.05000E-06,-36.21105477E-03
-17.02500E-06,-34.20100454E-03
-17.00000E-06,-28.17085385E-03
-16.97500E-06,-30.18090408E-03
-16.95000E-06,-24.02512525E-03
-16.92500E-06,-22.01507502E-03
-16.90000E-06,-14.10050225E-03
-16.87500E-06,-10.08040179E-03
-16.85000E-06,-2.04020087E-03
-16.82500E-06,-3.92462296E-03
-16.80000E-06,+3.98994982E-03
-16.77500E-06,+6.00000005E-03
-16.75000E-06,+10.02010051E-03
-16.72500E-06,+14.04020097E-03
-16.70000E-06,+16.05025120E-03
-16.67500E-06,+22.08040189E-03
-16.65000E-06,+27.98492444E-03
-16.62500E-06,+32.00502490E-03
-16.60000E-06,+32.13065304E-03
-16.57500E-06,+40.17085396E-03
-16.55000E-06,+40.17085396E-03
-16.52500E-06,+42.18090419E-03
-16.50000E-06,+40.17085396E-03
-16.47500E-06,+42.18090419E-03
-16.45000E-06,+42.18090419E-03
-16.42500E-06,+42.05527605E-03
-16.40000E-06,+42.18090419E-03
-16.37500E-06,+40.17085396E-03
-16.35000E-06,+30.12060281E-03
-16.32500E-06,+38.16080373E-03
-16.30000E-06,+40.04522582E-03
-16.27500E-06,+32.13065304E-03
-16.25000E-06,+30.12060281E-03
-16.22500E-06,+25.97487421E-03
-16.20000E-06,+24.09045212E-03
-16.17500E-06,+19.94472352E-03
-16.15000E-06,+29.99497467E-03
-16.12500E-06,+13.91457283E-03
-16.10000E-06,+16.05025120E-03
-16.07500E-06,+3.98994982E-03
-16.05000E-06,+6.00000005E-03
-16.02500E-06,-2.04020087E-03
-16.00000E-06,-4.05025110E-03
-15.97500E-06,-12.09045202E-03
-15.95000E-06,-16.11055247E-03
-15.92500E-06,-24.15075339E-03
-15.90000E-06,-24.15075339E-03
-15.87500E-06,-34.20100454E-03
-15.85000E-06,-36.21105477E-03
-15.82500E-06,-40.23115523E-03
-15.80000E-06,-42.24120546E-03
-15.77500E-06,-46.26130592E-03
-15.75000E-06,-50.15577824E-03
-15.72500E-06,-54.17587870E-03
-15.70000E-06,-54.30150684E-03
-15.67500E-06,-54.30150684E-03
-15.65000E-06,-54.30150684E-03
-15.62500E-06,-52.29145661E-03
-15.60000E-06,-52.16582847E-03
-15.57500E-06,-48.14572801E-03
-15.55000E-06,-44.25125569E-03
-15.52500E-06,-42.11557732E-03
-15.50000E-06,-36.21105477E-03
-15.47500E-06,-34.07537640E-03
-15.45000E-06,-30.05527594E-03
-15.42500E-06,-24.15075339E-03
-15.40000E-06,-18.12060270E-03
-15.37500E-06,-16.11055247E-03
-15.35000E-06,-12.09045202E-03
-15.32500E-06,-6.06030133E-03
-15.30000E-06,-2.04020087E-03
-15.27500E-06,+95.47750E-06
-15.25000E-06,+6.00000005E-03
-15.22500E-06,+9.89447237E-03
-15.20000E-06,+16.05025120E-03
-15.17500E-06,+19.94472352E-03
-15.15000E-06,+22.08040189E-03
-15.12500E-06,+24.09045212E-03
-15.10000E-06,+30.12060281E-03
-15.07500E-06,+34.14070327E-03
-15.05000E-06,+36.15075350E-03
-15.02500E-06,+40.17085396E-03
-15.00000E-06,+40.17085396E-03
-14.97500E-06,+40.17085396E-03
-14.95000E-06,+42.18090419E-03
-14.92500E-06,+42.05527605E-03
-14.90000E-06,+40.17085396E-03
-14.87500E-06,+38.16080373E-03
-14.85000E-06,+38.16080373E-03
-14.82500E-06,+36.15075350E-03
-14.80000E-06,+32.13065304E-03
-14.77500E-06,+34.14070327E-03
-14.75000E-06,+29.99497467E-03
-14.72500E-06,+28.11055258E-03
-14.70000E-06,+25.97487421E-03
-14.67500E-06,+22.08040189E-03
-14.65000E-06,+20.07035166E-03
-14.62500E-06,+19.94472352E-03
-14.60000E-06,+13.91457283E-03
-14.57500E-06,+10.02010051E-03
-14.55000E-06,+6.00000005E-03
-14.52500E-06,-30.15064E-06
-14.50000E-06,-3.92462296E-03
-14.47500E-06,-8.07035156E-03
-14.45000E-06,-13.97487411E-03
-14.42500E-06,-18.12060270E-03
-14.40000E-06,-24.15075339E-03
-14.37500E-06,-28.17085385E-03
-14.35000E-06,-34.07537640E-03
-14.32500E-06,-36.21105477E-03
-14.30000E-06,-42.11557732E-03
-14.27500E-06,-44.25125569E-03
-14.25000E-06,-48.14572801E-03
-14.22500E-06,-48.27135615E-03
-14.20000E-06,-52.16582847E-03
-14.17500E-06,-54.30150684E-03
-14.15000E-06,-54.30150684E-03
-14.12500E-06,-54.30150684E-03
-14.10000E-06,-52.29145661E-03
-14.07500E-06,-48.27135615E-03
-14.05000E-06,-48.14572801E-03
-14.02500E-06,-42.24120546E-03
-14.00000E-06,-40.23115523E-03
-13.97500E-06,-36.08542663E-03
-13.95000E-06,-34.07537640E-03
-13.92500E-06,-26.16080362E-03
-13.90000E-06,-24.15075339E-03
-13.87500E-06,-20.00502479E-03
-13.85000E-06,-14.10050225E-03
-13.82500E-06,-10.08040179E-03
-13.80000E-06,-7.94472342E-03
-13.77500E-06,-2.04020087E-03
-13.75000E-06,+1.97989959E-03
-13.72500E-06,+8.01005028E-03
-13.70000E-06,+11.90452260E-03
-13.67500E-06,+14.04020097E-03
-13.65000E-06,+18.06030143E-03
-13.62500E-06,+23.96482398E-03
-13.60000E-06,+26.10050235E-03
-13.57500E-06,+34.01507513E-03
-13.55000E-06,+36.02512536E-03
-13.52500E-06,+36.15075350E-03
-13.50000E-06,+40.17085396E-03
-13.47500E-06,+40.17085396E-03
-13.45000E-06,+42.18090419E-03
-13.42500E-06,+42.18090419E-03
-13.40000E-06,+42.18090419E-03
-13.37500E-06,+40.17085396E-03
-13.35000E-06,+40.17085396E-03
-13.32500E-06,+38.16080373E-03
-13.30000E-06,+36.15075350E-03
-13.27500E-06,+34.14070327E-03
-13.25000E-06,+32.13065304E-03
-13.22500E-06,+30.12060281E-03
-13.20000E-06,+28.11055258E-03
-13.17500E-06,+25.97487421E-03
-13.15000E-06,+24.09045212E-03
-13.12500E-06,+20.07035166E-03
-13.10000E-06,+16.05025120E-03
-13.07500E-06,+14.04020097E-03
-13.05000E-06,+10.02010051E-03
-13.02500E-06,+8.01005028E-03
-13.00000E-06,+3.98994982E-03
-12.97500E-06,-2.04020087E-03
-12.95000E-06,-8.07035156E-03
-12.92500E-06,-14.10050225E-03
-12.90000E-06,-20.13065293E-03
-12.87500E-06,-26.03517548E-03
-12.85000E-06,-28.17085385E-03
-12.82500E-06,-32.19095431E-03
-12.80000E-06,-36.21105477E-03
-12.77500E-06,-40.23115523E-03
-12.75000E-06,-44.25125569E-03
-12.72500E-06,-48.14572801E-03
-12.70000E-06,-50.15577824E-03
-12.67500E-06,-52.29145661E-03
-12.65000E-06,-52.29145661E-03
-12.62500E-06,-54.30150684E-03
-12.60000E-06,-52.29145661E-03
-12.57500E-06,-50.28140638E-03
-12.55000E-06,-48.27135615E-03
-12.52500E-06,-46.26130592E-03
-12.50000E-06,-44.12562755E-03
-12.47500E-06,-38.22110500E-03
-12.45000E-06,-36.21105477E-03
-12.42500E-06,-32.06532617E-03
-12.40000E-06,-26.16080362E-03
-12.37500E-06,-22.14070316E-03
-12.35000E-06,-18.12060270E-03
-12.32500E-06,-14.10050225E-03
-12.30000E-06,-10.08040179E-03
-12.27500E-06,-6.06030133E-03
-12.25000E-06,-2.04020087E-03
-12.22500E-06,+1.97989959E-03
-12.20000E-06,+9.89447237E-03
-12.17500E-06,+11.90452260E-03
-12.15000E-06,+14.04020097E-03
-12.12500E-06,+20.07035166E-03
-12.10000E-06,+26.10050235E-03
-12.07500E-06,+28.11055258E-03
-12.05000E-06,+30.12060281E-03
-12.02500E-06,+36.02512536E-03
-12.00000E-06,+40.04522582E-03
-11.97500E-06,+42.05527605E-03
-11.95000E-06,+42.05527605E-03
-11.92500E-06,+42.18090419E-03
-11.90000E-06,+42.18090419E-03
-11.87500E-06,+42.18090419E-03
-11.85000E-06,+42.18090419E-03
-11.82500E-06,+42.05527605E-03
-11.80000E-06,+42.18090419E-03
-11.77500E-06,+40.17085396E-03
-11.75000E-06,+34.14070327E-03
-11.72500E-06,+26.10050235E-03
-11.70000E-06,+36.02512536E-03
-11.67500E-06,+28.11055258E-03
-11.65000E-06,+24.09045212E-03
-11.62500E-06,+19.94472352E-03
-11.60000E-06,+22.08040189E-03
-11.57500E-06,+18.06030143E-03
-11.55000E-06,+12.03015074E-03
-11.52500E-06,+8.01005028E-03
-11.50000E-06,+6.00000005E-03
-11.47500E-06,+2.10552773E-03
-11.45000E-06,-4.05025110E-03
-11.42500E-06,-8.07035156E-03
-11.40000E-06,-14.10050225E-03
-11.37500E-06,-18.12060270E-03
-11.35000E-06,-24.15075339E-03
-11.32500E-06,-30.18090408E-03
-11.30000E-06,-34.20100454E-03
-11.27500E-06,-36.21105477E-03
-11.25000E-06,-42.11557732E-03
-11.22500E-06,-44.25125569E-03
-11.20000E-06,-46.26130592E-03
-11.17500E-06,-50.15577824E-03
-11.15000E-06,-52.29145661E-03
-11.12500E-06,-52.29145661E-03
-11.10000E-06,-54.30150684E-03
-11.07500E-06,-52.29145661E-03
-11.05000E-06,-52.29145661E-03
-11.02500E-06,-50.28140638E-03
-11.00000E-06,-48.14572801E-03
-10.97500E-06,-44.12562755E-03
-10.95000E-06,-38.22110500E-03
-10.92500E-06,-34.20100454E-03
-10.90000E-06,-32.19095431E-03
-10.87500E-06,-28.04522571E-03
-10.85000E-06,-22.14070316E-03
-10.82500E-06,-20.00502479E-03
-10.80000E-06,-14.10050225E-03
-10.77500E-06,-8.07035156E-03
-10.75000E-06,-6.06030133E-03
-10.72500E-06,-2.04020087E-03
-10.70000E-06,+3.98994982E-03
-10.67500E-06,+6.00000005E-03
-10.65000E-06,+10.02010051E-03
-10.62500E-06,+16.05025120E-03
-10.60000E-06,+20.07035166E-03
-10.57500E-06,+22.08040189E-03
-10.55000E-06,+26.10050235E-03
-10.52500E-06,+34.14070327E-03
-10.50000E-06,+36.15075350E-03
-10.47500E-06,+38.16080373E-03
-10.45000E-06,+38.16080373E-03
-10.42500E-06,+42.18090419E-03
-10.40000E-06,+42.18090419E-03
-10.37500E-06,+42.18090419E-03
-10.35000E-06,+42.05527605E-03
-10.32500E-06,+38.16080373E-03
-10.30000E-06,+38.16080373E-03
-10.27500E-06,+36.15075350E-03
-10.25000E-06,+34.14070327E-03
-10.22500E-06,+34.14070327E-03
-10.20000E-06,+32.00502490E-03
-10.17500E-06,+30.12060281E-03
-10.15000E-06,+27.98492444E-03
-10.12500E-06,+24.09045212E-03
-10.10000E-06,+20.07035166E-03
-10.07500E-06,+18.06030143E-03
-10.05000E-06,+15.92462306E-03
-10.02500E-06,+12.03015074E-03
-10.00000E-06,+9.89447237E-03
-9.97500E-06,+3.98994982E-03
-9.95000E-06,-2.04020087E-03
-9.92500E-06,-8.07035156E-03
-9.90000E-06,-16.11055247E-03
-9.87500E-06,-16.11055247E-03
-9.85000E-06,-18.12060270E-03
-9.82500E-06,-26.16080362E-03
-9.80000E-06,-30.18090408E-03
-9.77500E-06,-34.20100454E-03
-9.75000E-06,-40.23115523E-03
-9.72500E-06,-42.24120546E-03
-9.70000E-06,-44.25125569E-03
-9.67500E-06,-50.15577824E-03
-9.65000E-06,-50.28140638E-03
-9.62500E-06,-52.16582847E-03
-9.60000E-06,-54.17587870E-03
-9.57500E-06,-52.29145661E-03
-9.55000E-06,-50.28140638E-03
-9.52500E-06,-48.27135615E-03
-9.50000E-06,-48.14572801E-03
-9.47500E-06,-44.25125569E-03
-9.45000E-06,-42.11557732E-03
-9.42500E-06,-36.21105477E-03
-9.40000E-06,-34.07537640E-03
-9.37500E-06,-30.05527594E-03
-9.35000E-06,-26.16080362E-03
-9.32500E-06,-22.14070316E-03
-9.30000E-06,-17.99497457E-03
-9.27500E-06,-10.08040179E-03
-9.25000E-06,-9.95477365E-03
-9.22500E-06,-3.92462296E-03
-9.20000E-06,+3.98994982E-03
-9.17500E-06,+6.00000005E-03
-9.15000E-06,+10.02010051E-03
-9.12500E-06,+15.92462306E-03
-9.10000E-06,+16.05025120E-03
-9.07500E-06,+20.07035166E-03
-9.05000E-06,+26.10050235E-03
-9.02500E-06,+29.99497467E-03
-9.00000E-06,+34.14070327E-03
-8.97500E-06,+36.15075350E-03
-8.95000E-06,+42.05527605E-03
-8.92500E-06,+42.18090419E-03
-8.90000E-06,+42.18090419E-03
-8.87500E-06,+42.18090419E-03
-8.85000E-06,+44.06532628E-03
-8.82500E-06,+44.19095442E-03
-8.80000E-06,+40.17085396E-03
-8.77500E-06,+40.04522582E-03
-8.75000E-06,+38.03517559E-03
-8.72500E-06,+36.15075350E-03
-8.70000E-06,+34.14070327E-03
-8.67500E-06,+32.13065304E-03
-8.65000E-06,+30.12060281E-03
-8.62500E-06,+28.11055258E-03
-8.60000E-06,+25.97487421E-03
-8.57500E-06,+24.09045212E-03
-8.55000E-06,+18.06030143E-03
-8.52500E-06,+16.05025120E-03
-8.50000E-06,+14.04020097E-03
-8.47500E-06,+8.01005028E-03
-8.45000E-06,+6.00000005E-03
-8.42500E-06,+1.97989959E-03
-8.40000E-06,-4.05025110E-03
-8.37500E-06,-8.07035156E-03
-8.35000E-06,-16.11055247E-03
-8.32500E-06,-20.13065293E-03
-8.30000E-06,-26.16080362E-03
-8.27500E-06,-30.18090408E-03
-8.25000E-06,-34.20100454E-03
-8.22500E-06,-38.09547686E-03
-8.20000E-06,-42.24120546E-03
-8.17500E-06,-44.25125569E-03
-8.15000E-06,-48.27135615E-03
-8.12500E-06,-48.27135615E-03
-8.10000E-06,-54.30150684E-03
-8.07500E-06,-52.29145661E-03
-8.05000E-06,-52.29145661E-03
-8.02500E-06,-50.28140638E-03
-8.00000E-06,-48.27135615E-03
-7.97500E-06,-48.27135615E-03
-7.95000E-06,-44.12562755E-03
-7.92500E-06,-40.23115523E-03
-7.90000E-06,-36.21105477E-03
-7.87500E-06,-34.07537640E-03
-7.85000E-06,-28.17085385E-03
-7.82500E-06,-24.02512525E-03
-7.80000E-06,-20.00502479E-03
-7.77500E-06,-14.10050225E-03
-7.75000E-06,-12.09045202E-03
-7.72500E-06,-6.06030133E-03
-7.70000E-06,-2.04020087E-03
-7.67500E-06,+95.47750E-06
-7.65000E-06,+3.98994982E-03
-7.62500E-06,+8.01005028E-03
-7.60000E-06,+15.92462306E-03
-7.57500E-06,+18.06030143E-03
-7.55000E-06,+22.08040189E-03
-7.52500E-06,+26.10050235E-03
-7.50000E-06,+29.99497467E-03
-7.47500E-06,+32.13065304E-03
-7.45000E-06,+36.15075350E-03
-7.42500E-06,+38.16080373E-03
-7.40000E-06,+42.05527605E-03
-7.37500E-06,+42.18090419E-03
-7.35000E-06,+42.18090419E-03
-7.32500E-06,+42.18090419E-03
-7.30000E-06,+40.04522582E-03
-7.27500E-06,+40.04522582E-03
-7.25000E-06,+38.16080373E-03
-7.22500E-06,+36.02512536E-03
-7.20000E-06,+34.14070327E-03
-7.17500E-06,+34.01507513E-03
-7.15000E-06,+30.12060281E-03
-7.12500E-06,+28.11055258E-03
-7.10000E-06,+24.09045212E-03
-7.07500E-06,+22.08040189E-03
-7.05000E-06,+20.07035166E-03
-7.02500E-06,+16.05025120E-03
-7.00000E-06,+12.03015074E-03
-6.97500E-06,+10.02010051E-03
-6.95000E-06,+6.00000005E-03
-6.92500E-06,+1.97989959E-03
-6.90000E-06,-2.04020087E-03
-6.87500E-06,-6.06030133E-03
-6.85000E-06,-12.09045202E-03
-6.82500E-06,-16.11055247E-03
-6.80000E-06,-24.15075339E-03
-6.77500E-06,-26.16080362E-03
-6.75000E-06,-32.19095431E-03
-6.72500E-06,-36.21105477E-03
-6.70000E-06,-42.24120546E-03
-6.67500E-06,-44.12562755E-03
-6.65000E-06,-48.14572801E-03
-6.62500E-06,-48.27135615E-03
-6.60000E-06,-52.16582847E-03
-6.57500E-06,-52.29145661E-03
-6.55000E-06,-54.17587870E-03
-6.52500E-06,-54.17587870E-03
-6.50000E-06,-56.18592893E-03
-6.47500E-06,-52.16582847E-03
-6.45000E-06,-48.14572801E-03
-6.42500E-06,-44.25125569E-03
-6.40000E-06,-40.23115523E-03
-6.37500E-06,-38.22110500E-03
-6.35000E-06,-34.20100454E-03
-6.32500E-06,-30.05527594E-03
-6.30000E-06,-26.03517548E-03
-6.27500E-06,-20.13065293E-03
-6.25000E-06,-16.11055247E-03
-6.22500E-06,-11.96482388E-03
-6.20000E-06,-7.94472342E-03
-6.17500E-06,-2.04020087E-03
-6.15000E-06,-30.15064E-06
-6.12500E-06,+6.00000005E-03
-6.10000E-06,+8.01005028E-03
-6.07500E-06,+14.04020097E-03
-6.05000E-06,+18.06030143E-03
-6.02500E-06,+22.08040189E-03
-6.00000E-06,+24.09045212E-03
-5.97500E-06,+30.12060281E-03
-5.95000E-06,+34.14070327E-03
-5.92500E-06,+38.16080373E-03
-5.90000E-06,+40.04522582E-03
-5.87500E-06,+40.17085396E-03
-5.85000E-06,+40.17085396E-03
-5.82500E-06,+42.05527605E-03
-5.80000E-06,+42.05527605E-03
-5.77500E-06,+40.17085396E-03
-5.75000E-06,+38.16080373E-03
-5.72500E-06,+38.03517559E-03
-5.70000E-06,+36.15075350E-03
-5.67500E-06,+34.14070327E-03
-5.65000E-06,+32.13065304E-03
-5.62500E-06,+28.11055258E-03
-5.60000E-06,+26.10050235E-03
-5.57500E-06,+26.10050235E-03
-5.55000E-06,+22.08040189E-03
-5.52500E-06,+19.94472352E-03
-5.50000E-06,+16.05025120E-03
-5.47500E-06,+14.04020097E-03
-5.45000E-06,+8.01005028E-03
-5.42500E-06,+4.11557796E-03
-5.40000E-06,+1.97989959E-03
-5.37500E-06,-2.04020087E-03
-5.35000E-06,-10.08040179E-03
-5.32500E-06,-12.09045202E-03
-5.30000E-06,-20.13065293E-03
-5.27500E-06,-24.15075339E-03
-5.25000E-06,-28.17085385E-03
-5.22500E-06,-32.19095431E-03
-5.20000E-06,-38.09547686E-03
-5.17500E-06,-42.24120546E-03
-5.15000E-06,-44.25125569E-03
-5.12500E-06,-46.26130592E-03
-5.10000E-06,-50.28140638E-03
-5.07500E-06,-52.29145661E-03
-5.05000E-06,-52.29145661E-03
-5.02500E-06,-52.29145661E-03
-5.00000E-06,-50.28140638E-03
-4.97500E-06,-50.15577824E-03
-4.95000E-06,-48.27135615E-03
-4.92500E-06,-46.13567778E-03
-4.90000E-06,-44.12562755E-03
-4.87500E-06,-40.23115523E-03
-4.85000E-06,-34.20100454E-03
-4.82500E-06,-30.18090408E-03
-4.80000E-06,-26.16080362E-03
-4.77500E-06,-22.14070316E-03
-4.75000E-06,-18.12060270E-03
-4.72500E-06,-12.09045202E-03
-4.70000E-06,-8.07035156E-03
-4.67500E-06,-4.05025110E-03
-4.65000E-06,-30.15064E-06
-4.62500E-06,+3.98994982E-03
-4.60000E-06,+8.01005028E-03
-4.57500E-06,+12.03015074E-03
-4.55000E-06,+18.06030143E-03
-4.52500E-06,+22.08040189E-03
-4.50000E-06,+24.09045212E-03
-4.47500E-06,+28.11055258E-03
-4.45000E-06,+34.14070327E-03
-4.42500E-06,+38.16080373E-03
-4.40000E-06,+40.17085396E-03
-4.37500E-06,+42.18090419E-03
-4.35000E-06,+46.07537651E-03
-4.32500E-06,+42.18090419E-03
-4.30000E-06,+42.18090419E-03
-4.27500E-06,+42.18090419E-03
-4.25000E-06,+42.18090419E-03
-4.22500E-06,+42.05527605E-03
-4.20000E-06,+42.05527605E-03
-4.17500E-06,+38.16080373E-03
-4.15000E-06,+36.02512536E-03
-4.12500E-06,+34.14070327E-03
-4.10000E-06,+32.13065304E-03
-4.07500E-06,+30.12060281E-03
-4.05000E-06,+24.09045212E-03
-4.02500E-06,+24.09045212E-03
-4.00000E-06,+22.08040189E-03
-3.97500E-06,+18.06030143E-03
-3.95000E-06,+15.92462306E-03
-3.92500E-06,+11.90452260E-03
-3.90000E-06,+7.88442214E-03
-3.87500E-06,+2.10552773E-03
-3.85000E-06,-2.04020087E-03
-3.82500E-06,-8.07035156E-03
-3.80000E-06,-10.08040179E-03
-3.77500E-06,-18.12060270E-03
-3.75000E-06,-24.15075339E-03
-3.72500E-06,-28.17085385E-03
-3.70000E-06,-32.19095431E-03
-3.67500E-06,-36.21105477E-03
-3.65000E-06,-40.23115523E-03
-3.62500E-06,-42.24120546E-03
-3.60000E-06,-46.26130592E-03
-3.57500E-06,-48.27135615E-03
-3.55000E-06,-50.28140638E-03
-3.52500E-06,-54.17587870E-03
-3.50000E-06,-54.30150684E-03
-3.47500E-06,-54.17587870E-03
-3.45000E-06,-50.28140638E-03
-3.42500E-06,-50.15577824E-03
-3.40000E-06,-48.14572801E-03
-3.37500E-06,-44.25125569E-03
-3.35000E-06,-40.23115523E-03
-3.32500E-06,-38.09547686E-03
-3.30000E-06,-32.19095431E-03
-3.27500E-06,-28.17085385E-03
-3.25000E-06,-26.03517548E-03
-3.22500E-06,-20.13065293E-03
-3.20000E-06,-16.11055247E-03
-3.17500E-06,-10.08040179E-03
-3.15000E-06,-7.94472342E-03
-3.12500E-06,-3.92462296E-03
-3.10000E-06,+3.98994982E-03
-3.07500E-06,+6.00000005E-03
-3.05000E-06,+8.01005028E-03
-3.02500E-06,+14.04020097E-03
-3.00000E-06,+18.06030143E-03
-2.97500E-06,+24.09045212E-03
-2.95000E-06,+27.98492444E-03
-2.92500E-06,+30.12060281E-03
-2.90000E-06,+32.13065304E-03
-2.87500E-06,+36.15075350E-03
-2.85000E-06,+40.17085396E-03
-2.82500E-06,+40.17085396E-03
-2.80000E-06,+42.18090419E-03
-2.77500E-06,+40.17085396E-03
-2.75000E-06,+42.05527605E-03
-2.72500E-06,+40.17085396E-03
-2.70000E-06,+38.16080373E-03
-2.67500E-06,+36.15075350E-03
-2.65000E-06,+36.15075350E-03
-2.62500E-06,+34.14070327E-03
-2.60000E-06,+32.13065304E-03
-2.57500E-06,+29.99497467E-03
-2.55000E-06,+27.98492444E-03
-2.52500E-06,+22.08040189E-03
-2.50000E-06,+20.07035166E-03
-2.47500E-06,+20.07035166E-03
-2.45000E-06,+15.92462306E-03
-2.42500E-06,+14.04020097E-03
-2.40000E-06,+8.01005028E-03
-2.37500E-06,+6.00000005E-03
-2.35000E-06,-30.15064E-06
-2.32500E-06,-4.05025110E-03
-2.30000E-06,-10.08040179E-03
-2.27500E-06,-15.98492434E-03
-2.25000E-06,-22.01507502E-03
-2.22500E-06,-24.15075339E-03
-2.20000E-06,-28.17085385E-03
-2.17500E-06,-32.19095431E-03
-2.15000E-06,-38.22110500E-03
-2.12500E-06,-40.23115523E-03
-2.10000E-06,-44.25125569E-03
-2.07500E-06,-48.27135615E-03
-2.05000E-06,-52.29145661E-03
-2.02500E-06,-52.29145661E-03
-2.00000E-06,-54.30150684E-03
-1.97500E-06,-56.18592893E-03
-1.95000E-06,-54.30150684E-03
-1.92500E-06,-52.29145661E-03
-1.90000E-06,-52.16582847E-03
-1.87500E-06,-48.27135615E-03
-1.85000E-06,-46.26130592E-03
-1.82500E-06,-40.23115523E-03
-1.80000E-06,-38.09547686E-03
-1.77500E-06,-34.20100454E-03
-1.75000E-06,-30.18090408E-03
-1.72500E-06,-24.15075339E-03
-1.70000E-06,-20.13065293E-03
-1.67500E-06,-16.11055247E-03
-1.65000E-06,-11.96482388E-03
-1.62500E-06,-6.06030133E-03
-1.60000E-06,-2.04020087E-03
-1.57500E-06,+1.97989959E-03
-1.55000E-06,+6.00000005E-03
-1.52500E-06,+10.02010051E-03
-1.50000E-06,+14.04020097E-03
-1.47500E-06,+19.94472352E-03
-1.45000E-06,+23.96482398E-03
-1.42500E-06,+28.11055258E-03
-1.40000E-06,+32.13065304E-03
-1.37500E-06,+34.14070327E-03
-1.35000E-06,+38.16080373E-03
-1.32500E-06,+42.05527605E-03
-1.30000E-06,+40.17085396E-03
-1.27500E-06,+42.18090419E-03
-1.25000E-06,+42.18090419E-03
-1.22500E-06,+42.18090419E-03
-1.20000E-06,+40.17085396E-03
-1.17500E-06,+40.17085396E-03
-1.15000E-06,+40.17085396E-03
-1.12500E-06,+40.04522582E-03
-1.10000E-06,+34.14070327E-03
-1.07500E-06,+32.13065304E-03
-1.05000E-06,+32.13065304E-03
-1.02500E-06,+30.12060281E-03
-1.00000E-06,+26.10050235E-03
-975.00E-09,+24.09045212E-03
-950.00E-09,+20.07035166E-03
-925.00E-09,+18.06030143E-03
-900.00E-09,+14.04020097E-03
-875.00E-09,+10.02010051E-03
-850.00E-09,+7.88442214E-03
-825.00E-09,+3.98994982E-03
-800.00E-09,-2.04020087E-03
-775.00E-09,-6.06030133E-03
-750.00E-09,-12.09045202E-03
-725.00E-09,-16.11055247E-03
-700.00E-09,-24.15075339E-03
-675.00E-09,-28.17085385E-03
-650.00E-09,-32.19095431E-03
-625.00E-09,-36.08542663E-03
-600.00E-09,-38.22110500E-03
-575.00E-09,-44.12562755E-03
-550.00E-09,-46.26130592E-03
-525.00E-09,-46.26130592E-03
-500.00E-09,-48.27135615E-03
-475.00E-09,-50.28140638E-03
-450.00E-09,-50.28140638E-03
-425.00E-09,-52.29145661E-03
-400.00E-09,-48.27135615E-03
-375.00E-09,-46.26130592E-03
-350.00E-09,-44.25125569E-03
-325.00E-09,-42.24120546E-03
-300.00E-09,-40.23115523E-03
-275.00E-09,-34.20100454E-03
-250.00E-09,-30.18090408E-03
-225.00E-09,-26.03517548E-03
-200.00E-09,-22.01507502E-03
-175.00E-09,-16.11055247E-03
-150.00E-09,-12.09045202E-03
-125.00E-09,-10.08040179E-03
-100.00E-09,-6.06030133E-03
-75.00E-09,-1.91457273E-03
-50.00E-09,+4.11557796E-03
-25.00E-09,+6.00000005E-03
+0.0E+00,+13.91457283E-03
+25.00E-09,+18.06030143E-03
+50.00E-09,+20.07035166E-03
+75.00E-09,+26.10050235E-03
+100.00E-09,+27.98492444E-03
+125.00E-09,+32.13065304E-03
+150.00E-09,+34.14070327E-03
+175.00E-09,+40.04522582E-03
+200.00E-09,+40.17085396E-03
+225.00E-09,+42.18090419E-03
+250.00E-09,+42.18090419E-03
+275.00E-09,+42.18090419E-03
+300.00E-09,+42.18090419E-03
+325.00E-09,+42.05527605E-03
+350.00E-09,+40.17085396E-03
+375.00E-09,+40.17085396E-03
+400.00E-09,+38.03517559E-03
+425.00E-09,+34.14070327E-03
+450.00E-09,+32.00502490E-03
+475.00E-09,+28.11055258E-03
+500.00E-09,+26.10050235E-03
+525.00E-09,+24.09045212E-03
+550.00E-09,+22.08040189E-03
+575.00E-09,+20.07035166E-03
+600.00E-09,+15.92462306E-03
+625.00E-09,+12.03015074E-03
+650.00E-09,+9.89447237E-03
+675.00E-09,+3.98994982E-03
+700.00E-09,-30.15064E-06
+725.00E-09,-6.06030133E-03
+750.00E-09,-10.08040179E-03
+775.00E-09,-14.10050225E-03
+800.00E-09,-20.13065293E-03
+825.00E-09,-28.04522571E-03
+850.00E-09,-32.19095431E-03
+875.00E-09,-36.21105477E-03
+900.00E-09,-40.10552709E-03
+925.00E-09,-42.24120546E-03
+950.00E-09,-44.25125569E-03
+975.00E-09,-48.27135615E-03
+1.00000E-06,-50.15577824E-03
+1.02500E-06,-52.29145661E-03
+1.05000E-06,-54.30150684E-03
+1.07500E-06,-52.29145661E-03
+1.10000E-06,-54.30150684E-03
+1.12500E-06,-52.16582847E-03
+1.15000E-06,-50.15577824E-03
+1.17500E-06,-46.26130592E-03
+1.20000E-06,-42.24120546E-03
+1.22500E-06,-38.22110500E-03
+1.25000E-06,-34.20100454E-03
+1.27500E-06,-30.18090408E-03
+1.30000E-06,-26.16080362E-03
+1.32500E-06,-22.14070316E-03
+1.35000E-06,-18.12060270E-03
+1.37500E-06,-13.97487411E-03
+1.40000E-06,-10.08040179E-03
+1.42500E-06,-5.93467319E-03
+1.45000E-06,-30.15064E-06
+1.47500E-06,+3.98994982E-03
+1.50000E-06,+8.01005028E-03
+1.52500E-06,+10.02010051E-03
+1.55000E-06,+16.05025120E-03
+1.57500E-06,+20.07035166E-03
+1.60000E-06,+24.09045212E-03
+1.62500E-06,+28.11055258E-03
+1.65000E-06,+32.13065304E-03
+1.67500E-06,+36.15075350E-03
+1.70000E-06,+38.16080373E-03
+1.72500E-06,+40.17085396E-03
+1.75000E-06,+40.17085396E-03
+1.77500E-06,+40.17085396E-03
+1.80000E-06,+40.17085396E-03
+1.82500E-06,+40.17085396E-03
+1.85000E-06,+40.17085396E-03
+1.87500E-06,+36.15075350E-03
+1.90000E-06,+38.03517559E-03
+1.92500E-06,+32.13065304E-03
+1.95000E-06,+34.14070327E-03
+1.97500E-06,+30.12060281E-03
+2.00000E-06,+28.11055258E-03
+2.02500E-06,+26.10050235E-03
+2.05000E-06,+22.08040189E-03
+2.07500E-06,+18.06030143E-03
+2.10000E-06,+17.93467329E-03
+2.12500E-06,+14.04020097E-03
+2.15000E-06,+12.03015074E-03
+2.17500E-06,+7.88442214E-03
+2.20000E-06,+1.97989959E-03
+2.22500E-06,-2.04020087E-03
+2.25000E-06,-8.07035156E-03
+2.27500E-06,-10.08040179E-03
+2.30000E-06,-16.11055247E-03
+2.32500E-06,-22.14070316E-03
+2.35000E-06,-28.04522571E-03
+2.37500E-06,-32.19095431E-03
+2.40000E-06,-36.21105477E-03
+2.42500E-06,-38.22110500E-03
+2.45000E-06,-40.23115523E-03
+2.47500E-06,-46.26130592E-03
+2.50000E-06,-48.27135615E-03
+2.52500E-06,-52.16582847E-03
+2.55000E-06,-52.29145661E-03
+2.57500E-06,-54.30150684E-03
+2.60000E-06,-52.29145661E-03
+2.62500E-06,-48.27135615E-03
+2.65000E-06,-48.27135615E-03
+2.67500E-06,-44.25125569E-03
+2.70000E-06,-42.24120546E-03
+2.72500E-06,-40.23115523E-03
+2.75000E-06,-36.21105477E-03
+2.77500E-06,-32.06532617E-03
+2.80000E-06,-26.16080362E-03
+2.82500E-06,-24.15075339E-03
+2.85000E-06,-16.11055247E-03
+2.87500E-06,-16.11055247E-03
+2.90000E-06,-10.08040179E-03
+2.92500E-06,-4.05025110E-03
+2.95000E-06,-1.91457273E-03
+2.97500E-06,+2.10552773E-03
+3.00000E-06,+7.88442214E-03
+3.02500E-06,+12.03015074E-03
+3.05000E-06,+14.04020097E-03
+3.07500E-06,+18.06030143E-03
+3.10000E-06,+22.08040189E-03
+3.12500E-06,+26.10050235E-03
+3.15000E-06,+30.12060281E-03
+3.17500E-06,+36.02512536E-03
+3.20000E-06,+38.16080373E-03
+3.22500E-06,+42.05527605E-03
+3.25000E-06,+44.06532628E-03
+3.27500E-06,+42.18090419E-03
+3.30000E-06,+44.06532628E-03
+3.32500E-06,+42.18090419E-03
+3.35000E-06,+40.17085396E-03
+3.37500E-06,+40.17085396E-03
+3.40000E-06,+40.17085396E-03
+3.42500E-06,+38.16080373E-03
+3.45000E-06,+36.15075350E-03
+3.47500E-06,+32.13065304E-03
+3.50000E-06,+30.12060281E-03
+3.52500E-06,+28.11055258E-03
+3.55000E-06,+26.10050235E-03
+3.57500E-06,+24.09045212E-03
+3.60000E-06,+20.07035166E-03
+3.62500E-06,+18.06030143E-03
+3.65000E-06,+14.04020097E-03
+3.67500E-06,+10.02010051E-03
+3.70000E-06,+6.00000005E-03
+3.72500E-06,+1.97989959E-03
+3.75000E-06,-2.04020087E-03
+3.77500E-06,-7.94472342E-03
+3.80000E-06,-12.09045202E-03
+3.82500E-06,-18.12060270E-03
+3.85000E-06,-22.14070316E-03
+3.87500E-06,-26.16080362E-03
+3.90000E-06,-32.19095431E-03
+3.92500E-06,-36.21105477E-03
+3.95000E-06,-40.10552709E-03
+3.97500E-06,-42.24120546E-03
+4.00000E-06,-44.25125569E-03
+4.02500E-06,-48.27135615E-03
+4.05000E-06,-50.28140638E-03
+4.07500E-06,-52.29145661E-03
+4.10000E-06,-52.29145661E-03
+4.12500E-06,-52.29145661E-03
+4.15000E-06,-50.28140638E-03
+4.17500E-06,-48.14572801E-03
+4.20000E-06,-44.25125569E-03
+4.22500E-06,-42.24120546E-03
+4.25000E-06,-40.23115523E-03
+4.27500E-06,-32.19095431E-03
+4.30000E-06,-32.19095431E-03
+4.32500E-06,-28.17085385E-03
+4.35000E-06,-24.02512525E-03
+4.37500E-06,-18.12060270E-03
+4.40000E-06,-14.10050225E-03
+4.42500E-06,-10.08040179E-03
+4.45000E-06,-6.06030133E-03
+4.47500E-06,-30.15064E-06
+4.50000E-06,+2.10552773E-03
+4.52500E-06,+4.11557796E-03
+4.55000E-06,+10.02010051E-03
+4.57500E-06,+16.05025120E-03
+4.60000E-06,+20.07035166E-03
+4.62500E-06,+22.08040189E-03
+4.65000E-06,+28.11055258E-03
+4.67500E-06,+30.12060281E-03
+4.70000E-06,+34.14070327E-03
+4.72500E-06,+36.15075350E-03
+4.75000E-06,+38.16080373E-03
+4.77500E-06,+40.17085396E-03
+4.80000E-06,+40.17085396E-03
+4.82500E-06,+42.18090419E-03
+4.85000E-06,+40.04522582E-03
+4.87500E-06,+38.16080373E-03
+4.90000E-06,+38.16080373E-03
+4.92500E-06,+36.15075350E-03
+4.95000E-06,+36.02512536E-03
+4.97500E-06,+34.01507513E-03
+5.00000E-06,+30.12060281E-03
+5.02500E-06,+28.11055258E-03
+5.05000E-06,+27.98492444E-03
+5.07500E-06,+22.08040189E-03
+5.10000E-06,+20.07035166E-03
+5.12500E-06,+18.06030143E-03
+5.15000E-06,+16.05025120E-03
+5.17500E-06,+10.02010051E-03
+5.20000E-06,+10.02010051E-03
+5.22500E-06,+3.98994982E-03
+5.25000E-06,+95.47750E-06
+5.27500E-06,-4.05025110E-03
+5.30000E-06,-10.08040179E-03
+5.32500E-06,-14.10050225E-03
+5.35000E-06,-20.13065293E-03
+5.37500E-06,-24.15075339E-03
+5.40000E-06,-30.18090408E-03
+5.42500E-06,-32.19095431E-03
+5.45000E-06,-38.22110500E-03
+5.47500E-06,-42.24120546E-03
+5.50000E-06,-46.26130592E-03
+5.52500E-06,-48.27135615E-03
+5.55000E-06,-50.15577824E-03
+5.57500E-06,-52.29145661E-03
+5.60000E-06,-54.30150684E-03
+5.62500E-06,-54.30150684E-03
+5.65000E-06,-54.30150684E-03
+5.67500E-06,-52.29145661E-03
+5.70000E-06,-48.27135615E-03
+5.72500E-06,-48.27135615E-03
+5.75000E-06,-44.25125569E-03
+5.77500E-06,-40.23115523E-03
+5.80000E-06,-34.20100454E-03
+5.82500E-06,-32.19095431E-03
+5.85000E-06,-28.17085385E-03
+5.87500E-06,-24.15075339E-03
+5.90000E-06,-20.13065293E-03
+5.92500E-06,-16.11055247E-03
+5.95000E-06,-11.96482388E-03
+5.97500E-06,-8.07035156E-03
+6.00000E-06,-2.04020087E-03
+6.02500E-06,-30.15064E-06
+6.05000E-06,+6.00000005E-03
+6.07500E-06,+9.89447237E-03
+6.10000E-06,+14.04020097E-03
+6.12500E-06,+16.05025120E-03
+6.15000E-06,+23.96482398E-03
+6.17500E-06,+26.10050235E-03
+6.20000E-06,+32.13065304E-03
+6.22500E-06,+34.14070327E-03
+6.25000E-06,+40.04522582E-03
+6.27500E-06,+40.04522582E-03
+6.30000E-06,+42.05527605E-03
+6.32500E-06,+42.18090419E-03
+6.35000E-06,+42.18090419E-03
+6.37500E-06,+42.05527605E-03
+6.40000E-06,+40.17085396E-03
+6.42500E-06,+42.05527605E-03
+6.45000E-06,+36.15075350E-03
+6.47500E-06,+36.15075350E-03
+6.50000E-06,+34.14070327E-03
+6.52500E-06,+32.13065304E-03
+6.55000E-06,+28.11055258E-03
+6.57500E-06,+26.10050235E-03
+6.60000E-06,+25.97487421E-03
+6.62500E-06,+25.97487421E-03
+6.65000E-06,+20.07035166E-03
+6.67500E-06,+16.05025120E-03
+6.70000E-06,+14.04020097E-03
+6.72500E-06,+10.02010051E-03
+6.75000E-06,+6.00000005E-03
+6.77500E-06,+1.97989959E-03
+6.80000E-06,-2.04020087E-03
+6.82500E-06,-5.93467319E-03
+6.85000E-06,-15.98492434E-03
+6.87500E-06,-22.14070316E-03
+6.90000E-06,-24.15075339E-03
+6.92500E-06,-28.04522571E-03
+6.95000E-06,-32.06532617E-03
+6.97500E-06,-32.19095431E-03
+7.00000E-06,-38.09547686E-03
+7.02500E-06,-46.26130592E-03
+7.05000E-06,-40.23115523E-03
+7.07500E-06,-48.14572801E-03
+7.10000E-06,-48.27135615E-03
+7.12500E-06,-52.16582847E-03
+7.15000E-06,-50.28140638E-03
+7.17500E-06,-50.28140638E-03
+7.20000E-06,-46.26130592E-03
+7.22500E-06,-44.25125569E-03
+7.25000E-06,-42.11557732E-03
+7.27500E-06,-42.11557732E-03
+7.30000E-06,-36.21105477E-03
+7.32500E-06,-32.19095431E-03
+7.35000E-06,-26.03517548E-03
+7.37500E-06,-24.02512525E-03
+7.40000E-06,-20.13065293E-03
+7.42500E-06,-14.10050225E-03
+7.45000E-06,-10.08040179E-03
+7.47500E-06,-4.05025110E-03
+7.50000E-06,-3.92462296E-03
+7.52500E-06,+6.00000005E-03
+7.55000E-06,+7.88442214E-03
+7.57500E-06,+12.03015074E-03
+7.60000E-06,+12.03015074E-03
+7.62500E-06,+18.06030143E-03
+7.65000E-06,+25.97487421E-03
+7.67500E-06,+26.10050235E-03
+7.70000E-06,+30.12060281E-03
+7.72500E-06,+32.13065304E-03
+7.75000E-06,+42.18090419E-03
+7.77500E-06,+40.17085396E-03
+7.80000E-06,+44.06532628E-03
+7.82500E-06,+42.18090419E-03
+7.85000E-06,+48.21105488E-03
+7.87500E-06,+42.18090419E-03
+7.90000E-06,+46.07537651E-03
+7.92500E-06,+40.17085396E-03
+7.95000E-06,+44.06532628E-03
+7.97500E-06,+36.15075350E-03
+8.00000E-06,+42.18090419E-03
+8.02500E-06,+34.14070327E-03
+8.05000E-06,+36.02512536E-03
+8.07500E-06,+30.12060281E-03
+8.10000E-06,+28.11055258E-03
+8.12500E-06,+24.09045212E-03
+8.15000E-06,+26.10050235E-03
+8.17500E-06,+20.07035166E-03
+8.20000E-06,+16.05025120E-03
+8.22500E-06,+12.03015074E-03
+8.25000E-06,+9.89447237E-03
+8.27500E-06,+7.88442214E-03
+8.30000E-06,-30.15064E-06
+8.32500E-06,-4.05025110E-03
+8.35000E-06,-11.96482388E-03
+8.37500E-06,-15.98492434E-03
+8.40000E-06,-24.02512525E-03
+8.42500E-06,-22.14070316E-03
+8.45000E-06,-30.18090408E-03
+8.47500E-06,-36.08542663E-03
+8.50000E-06,-36.21105477E-03
+8.52500E-06,-42.24120546E-03
+8.55000E-06,-46.13567778E-03
+8.57500E-06,-48.27135615E-03
+8.60000E-06,-46.26130592E-03
+8.62500E-06,-48.27135615E-03
+8.65000E-06,-60.20602939E-03
+8.67500E-06,-56.31155707E-03
+8.70000E-06,-48.27135615E-03
+8.72500E-06,-54.17587870E-03
+8.75000E-06,-50.15577824E-03
+8.77500E-06,-48.27135615E-03
+8.80000E-06,-40.10552709E-03
+8.82500E-06,-42.24120546E-03
+8.85000E-06,-26.16080362E-03
+8.87500E-06,-30.18090408E-03
+8.90000E-06,-24.15075339E-03
+8.92500E-06,-28.04522571E-03
+8.95000E-06,-17.99497457E-03
+8.97500E-06,-14.10050225E-03
+9.00000E-06,-7.94472342E-03
+9.02500E-06,-6.06030133E-03
+9.05000E-06,-2.04020087E-03
+9.07500E-06,-30.15064E-06
+9.10000E-06,+6.00000005E-03
+9.12500E-06,+10.02010051E-03
+9.15000E-06,+14.04020097E-03
+9.17500E-06,+19.94472352E-03
+9.20000E-06,+22.08040189E-03
+9.22500E-06,+26.10050235E-03
+9.25000E-06,+30.12060281E-03
+9.27500E-06,+34.14070327E-03
+9.30000E-06,+38.03517559E-03
+9.32500E-06,+38.16080373E-03
+9.35000E-06,+42.05527605E-03
+9.37500E-06,+40.17085396E-03
+9.40000E-06,+40.17085396E-03
+9.42500E-06,+38.16080373E-03
+9.45000E-06,+38.16080373E-03
+9.47500E-06,+38.16080373E-03
+9.50000E-06,+36.02512536E-03
+9.52500E-06,+34.14070327E-03
+9.55000E-06,+32.13065304E-03
+9.57500E-06,+30.12060281E-03
+9.60000E-06,+28.11055258E-03
+9.62500E-06,+26.10050235E-03
+9.65000E-06,+22.08040189E-03
+9.67500E-06,+20.07035166E-03
+9.70000E-06,+16.05025120E-03
+9.72500E-06,+14.04020097E-03
+9.75000E-06,+10.02010051E-03
+9.77500E-06,+8.01005028E-03
+9.80000E-06,+3.98994982E-03
+9.82500E-06,-30.15064E-06
+9.85000E-06,-6.06030133E-03
+9.87500E-06,-11.96482388E-03
+9.90000E-06,-17.99497457E-03
+9.92500E-06,-24.15075339E-03
+9.95000E-06,-26.16080362E-03
+9.97500E-06,-30.18090408E-03
+10.00000E-06,-36.08542663E-03
+10.02500E-06,-38.22110500E-03
+10.05000E-06,-42.24120546E-03
+10.07500E-06,-44.25125569E-03
+10.10000E-06,-48.27135615E-03
+10.12500E-06,-50.28140638E-03
+10.15000E-06,-54.17587870E-03
+10.17500E-06,-52.29145661E-03
+10.20000E-06,-50.28140638E-03
+10.22500E-06,-52.29145661E-03
+10.25000E-06,-50.28140638E-03
+10.27500E-06,-48.27135615E-03
+10.30000E-06,-46.13567778E-03
+10.32500E-06,-42.24120546E-03
+10.35000E-06,-40.10552709E-03
+10.37500E-06,-32.19095431E-03
+10.40000E-06,-30.05527594E-03
+10.42500E-06,-24.15075339E-03
+10.45000E-06,-22.14070316E-03
+10.47500E-06,-18.12060270E-03
+10.50000E-06,-12.09045202E-03
+10.52500E-06,-8.07035156E-03
+10.55000E-06,-3.92462296E-03
+10.57500E-06,+1.97989959E-03
+10.60000E-06,+6.00000005E-03
+10.62500E-06,+8.01005028E-03
+10.65000E-06,+13.91457283E-03
+10.67500E-06,+18.06030143E-03
+10.70000E-06,+22.08040189E-03
+10.72500E-06,+24.09045212E-03
+10.75000E-06,+30.12060281E-03
+10.77500E-06,+34.14070327E-03
+10.80000E-06,+38.16080373E-03
+10.82500E-06,+40.17085396E-03
+10.85000E-06,+42.18090419E-03
+10.87500E-06,+42.18090419E-03
+10.90000E-06,+42.18090419E-03
+10.92500E-06,+42.18090419E-03
+10.95000E-06,+44.19095442E-03
+10.97500E-06,+42.18090419E-03
+11.00000E-06,+40.17085396E-03
+11.02500E-06,+38.16080373E-03
+11.05000E-06,+36.15075350E-03
+11.07500E-06,+36.02512536E-03
+11.10000E-06,+32.13065304E-03
+11.12500E-06,+29.99497467E-03
+11.15000E-06,+28.11055258E-03
+11.17500E-06,+24.09045212E-03
+11.20000E-06,+22.08040189E-03
+11.22500E-06,+20.07035166E-03
+11.25000E-06,+16.05025120E-03
+11.27500E-06,+13.91457283E-03
+11.30000E-06,+10.02010051E-03
+11.32500E-06,+3.98994982E-03
+11.35000E-06,+95.47750E-06
+11.37500E-06,-4.05025110E-03
+11.40000E-06,-10.08040179E-03
+11.42500E-06,-16.11055247E-03
+11.45000E-06,-18.12060270E-03
+11.47500E-06,-26.16080362E-03
+11.50000E-06,-30.18090408E-03
+11.52500E-06,-34.07537640E-03
+11.55000E-06,-40.10552709E-03
+11.57500E-06,-42.11557732E-03
+11.60000E-06,-44.25125569E-03
+11.62500E-06,-44.25125569E-03
+11.65000E-06,-48.27135615E-03
+11.67500E-06,-54.17587870E-03
+11.70000E-06,-52.29145661E-03
+11.72500E-06,-50.28140638E-03
+11.75000E-06,-52.16582847E-03
+11.77500E-06,-48.27135615E-03
+11.80000E-06,-48.14572801E-03
+11.82500E-06,-44.25125569E-03
+11.85000E-06,-40.23115523E-03
+11.87500E-06,-36.21105477E-03
+11.90000E-06,-32.19095431E-03
+11.92500E-06,-28.17085385E-03
+11.95000E-06,-24.02512525E-03
+11.97500E-06,-18.12060270E-03
+12.00000E-06,-14.10050225E-03
+12.02500E-06,-12.09045202E-03
+12.05000E-06,-6.06030133E-03
+12.07500E-06,-2.04020087E-03
+12.10000E-06,+1.97989959E-03
+12.12500E-06,+6.00000005E-03
+12.15000E-06,+10.02010051E-03
+12.17500E-06,+16.05025120E-03
+12.20000E-06,+20.07035166E-03
+12.22500E-06,+22.08040189E-03
+12.25000E-06,+28.11055258E-03
+12.27500E-06,+30.12060281E-03
+12.30000E-06,+32.13065304E-03
+12.32500E-06,+36.15075350E-03
+12.35000E-06,+42.18090419E-03
+12.37500E-06,+40.17085396E-03
+12.40000E-06,+44.19095442E-03
+12.42500E-06,+42.18090419E-03
+12.45000E-06,+44.19095442E-03
+12.47500E-06,+42.05527605E-03
+12.50000E-06,+40.04522582E-03
+12.52500E-06,+38.16080373E-03
+12.55000E-06,+38.16080373E-03
+12.57500E-06,+36.15075350E-03
+12.60000E-06,+32.13065304E-03
+12.62500E-06,+32.13065304E-03
+12.65000E-06,+30.12060281E-03
+12.67500E-06,+26.10050235E-03
+12.70000E-06,+24.09045212E-03
+12.72500E-06,+20.07035166E-03
+12.75000E-06,+18.06030143E-03
+12.77500E-06,+15.92462306E-03
+12.80000E-06,+11.90452260E-03
+12.82500E-06,+8.01005028E-03
+12.85000E-06,+2.10552773E-03
+12.87500E-06,-2.04020087E-03
+12.90000E-06,-8.07035156E-03
+12.92500E-06,-12.09045202E-03
+12.95000E-06,-18.12060270E-03
+12.97500E-06,-22.14070316E-03
+13.00000E-06,-26.16080362E-03
+13.02500E-06,-30.18090408E-03
+13.05000E-06,-36.21105477E-03
+13.07500E-06,-38.22110500E-03
+13.10000E-06,-46.13567778E-03
+13.12500E-06,-50.15577824E-03
+13.15000E-06,-50.15577824E-03
+13.17500E-06,-50.28140638E-03
+13.20000E-06,-48.27135615E-03
+13.22500E-06,-54.30150684E-03
+13.25000E-06,-50.28140638E-03
+13.27500E-06,-48.27135615E-03
+13.30000E-06,-48.14572801E-03
+13.32500E-06,-48.14572801E-03
+13.35000E-06,-42.24120546E-03
+13.37500E-06,-34.20100454E-03
+13.40000E-06,-34.20100454E-03
+13.42500E-06,-30.18090408E-03
+13.45000E-06,-28.17085385E-03
+13.47500E-06,-22.01507502E-03
+13.50000E-06,-16.11055247E-03
+13.52500E-06,-12.09045202E-03
+13.55000E-06,-10.08040179E-03
+13.57500E-06,-4.05025110E-03
+13.60000E-06,-30.15064E-06
+13.62500E-06,+3.98994982E-03
+13.65000E-06,+6.00000005E-03
+13.67500E-06,+12.03015074E-03
+13.70000E-06,+15.92462306E-03
+13.72500E-06,+19.94472352E-03
+13.75000E-06,+24.09045212E-03
+13.77500E-06,+28.11055258E-03
+13.80000E-06,+30.12060281E-03
+13.82500E-06,+34.14070327E-03
+13.85000E-06,+38.16080373E-03
+13.87500E-06,+40.17085396E-03
+13.90000E-06,+40.04522582E-03
+13.92500E-06,+42.05527605E-03
+13.95000E-06,+42.18090419E-03
+13.97500E-06,+42.18090419E-03
+14.00000E-06,+42.05527605E-03
+14.02500E-06,+40.17085396E-03
+14.05000E-06,+38.16080373E-03
+14.07500E-06,+34.14070327E-03
+14.10000E-06,+36.15075350E-03
+14.12500E-06,+32.13065304E-03
+14.15000E-06,+30.12060281E-03
+14.17500E-06,+29.99497467E-03
+14.20000E-06,+26.10050235E-03
+14.22500E-06,+22.08040189E-03
+14.25000E-06,+21.95477375E-03
+14.27500E-06,+18.06030143E-03
+14.30000E-06,+13.91457283E-03
+14.32500E-06,+10.02010051E-03
+14.35000E-06,+6.00000005E-03
+14.37500E-06,+1.97989959E-03
+14.40000E-06,-4.05025110E-03
+14.42500E-06,-8.07035156E-03
+14.45000E-06,-14.10050225E-03
+14.47500E-06,-20.13065293E-03
+14.50000E-06,-24.15075339E-03
+14.52500E-06,-30.18090408E-03
+14.55000E-06,-34.20100454E-03
+14.57500E-06,-36.21105477E-03
+14.60000E-06,-40.23115523E-03
+14.62500E-06,-44.25125569E-03
+14.65000E-06,-48.27135615E-03
+14.67500E-06,-50.28140638E-03
+14.70000E-06,-50.28140638E-03
+14.72500E-06,-52.29145661E-03
+14.75000E-06,-54.17587870E-03
+14.77500E-06,-54.17587870E-03
+14.80000E-06,-50.28140638E-03
+14.82500E-06,-50.28140638E-03
+14.85000E-06,-46.26130592E-03
+14.87500E-06,-44.25125569E-03
+14.90000E-06,-40.10552709E-03
+14.92500E-06,-36.21105477E-03
+14.95000E-06,-32.19095431E-03
+14.97500E-06,-26.16080362E-03
+15.00000E-06,-22.14070316E-03
+15.02500E-06,-22.01507502E-03
+15.05000E-06,-16.11055247E-03
+15.07500E-06,-10.08040179E-03
+15.10000E-06,-3.92462296E-03
+15.12500E-06,+95.47750E-06
+15.15000E-06,+8.01005028E-03
+15.17500E-06,+14.04020097E-03
+15.20000E-06,+14.04020097E-03
+15.22500E-06,+12.03015074E-03
+15.25000E-06,+18.06030143E-03
+15.27500E-06,+22.08040189E-03
+15.30000E-06,+32.13065304E-03
+15.32500E-06,+32.13065304E-03
+15.35000E-06,+32.13065304E-03
+15.37500E-06,+36.02512536E-03
+15.40000E-06,+38.16080373E-03
+15.42500E-06,+40.04522582E-03
+15.45000E-06,+40.04522582E-03
+15.47500E-06,+40.17085396E-03
+15.50000E-06,+40.04522582E-03
+15.52500E-06,+38.16080373E-03
+15.55000E-06,+36.15075350E-03
+15.57500E-06,+36.15075350E-03
+15.60000E-06,+34.14070327E-03
+15.62500E-06,+32.13065304E-03
+15.65000E-06,+30.12060281E-03
+15.67500E-06,+27.98492444E-03
+15.70000E-06,+24.09045212E-03
+15.72500E-06,+22.08040189E-03
+15.75000E-06,+21.95477375E-03
+15.77500E-06,+19.94472352E-03
+15.80000E-06,+16.05025120E-03
+15.82500E-06,+12.03015074E-03
+15.85000E-06,+11.90452260E-03
+15.87500E-06,+3.98994982E-03
+15.90000E-06,-1.91457273E-03
+15.92500E-06,-8.07035156E-03
+15.95000E-06,-12.09045202E-03
+15.97500E-06,-16.11055247E-03
+16.00000E-06,-22.14070316E-03
+16.02500E-06,-26.16080362E-03
+16.05000E-06,-30.18090408E-03
+16.07500E-06,-34.20100454E-03
+16.10000E-06,-40.23115523E-03
+16.12500E-06,-42.24120546E-03
+16.15000E-06,-46.26130592E-03
+16.17500E-06,-50.15577824E-03
+16.20000E-06,-50.28140638E-03
+16.22500E-06,-52.29145661E-03
+16.25000E-06,-54.30150684E-03
+16.27500E-06,-56.31155707E-03
+16.30000E-06,-54.30150684E-03
+16.32500E-06,-52.16582847E-03
+16.35000E-06,-52.16582847E-03
+16.37500E-06,-46.13567778E-03
+16.40000E-06,-44.25125569E-03
+16.42500E-06,-40.10552709E-03
+16.45000E-06,-34.20100454E-03
+16.47500E-06,-32.19095431E-03
+16.50000E-06,-28.17085385E-03
+16.52500E-06,-24.02512525E-03
+16.55000E-06,-17.99497457E-03
+16.57500E-06,-13.97487411E-03
+16.60000E-06,-9.95477365E-03
+16.62500E-06,-6.06030133E-03
+16.65000E-06,-30.15064E-06
+16.67500E-06,+3.98994982E-03
+16.70000E-06,+7.88442214E-03
+16.72500E-06,+10.02010051E-03
+16.75000E-06,+16.05025120E-03
+16.77500E-06,+20.07035166E-03
+16.80000E-06,+24.09045212E-03
+16.82500E-06,+28.11055258E-03
+16.85000E-06,+32.00502490E-03
+16.87500E-06,+36.02512536E-03
+16.90000E-06,+38.16080373E-03
+16.92500E-06,+40.17085396E-03
+16.95000E-06,+42.18090419E-03
+16.97500E-06,+42.18090419E-03
+17.00000E-06,+44.06532628E-03
+17.02500E-06,+42.18090419E-03
+17.05000E-06,+42.05527605E-03
+17.07500E-06,+38.16080373E-03
+17.10000E-06,+38.16080373E-03
+17.12500E-06,+34.14070327E-03
+17.15000E-06,+34.14070327E-03
+17.17500E-06,+34.01507513E-03
+17.20000E-06,+30.12060281E-03
+17.22500E-06,+28.11055258E-03
+17.25000E-06,+26.10050235E-03
+17.27500E-06,+22.08040189E-03
+17.30000E-06,+18.06030143E-03
+17.32500E-06,+16.05025120E-03
+17.35000E-06,+13.91457283E-03
+17.37500E-06,+10.02010051E-03
+17.40000E-06,+6.00000005E-03
+17.42500E-06,+1.97989959E-03
+17.45000E-06,-2.04020087E-03
+17.47500E-06,-10.08040179E-03
+17.50000E-06,-14.10050225E-03
+17.52500E-06,-22.01507502E-03
+17.55000E-06,-24.15075339E-03
+17.57500E-06,-30.18090408E-03
+17.60000E-06,-34.20100454E-03
+17.62500E-06,-36.21105477E-03
+17.65000E-06,-40.23115523E-03
+17.67500E-06,-44.25125569E-03
+17.70000E-06,-48.27135615E-03
+17.72500E-06,-48.27135615E-03
+17.75000E-06,-50.28140638E-03
+17.77500E-06,-54.17587870E-03
+17.80000E-06,-50.28140638E-03
+17.82500E-06,-50.28140638E-03
+17.85000E-06,-48.27135615E-03
+17.87500E-06,-48.27135615E-03
+17.90000E-06,-44.25125569E-03
+17.92500E-06,-42.24120546E-03
+17.95000E-06,-38.22110500E-03
+17.97500E-06,-32.19095431E-03
+18.00000E-06,-28.04522571E-03
+18.02500E-06,-26.16080362E-03
+18.05000E-06,-20.13065293E-03
+18.07500E-06,-17.99497457E-03
+18.10000E-06,-13.97487411E-03
+18.12500E-06,-9.95477365E-03
+18.15000E-06,-4.05025110E-03
+18.17500E-06,-30.15064E-06
+18.20000E-06,+3.98994982E-03
+18.22500E-06,+8.01005028E-03
+18.25000E-06,+13.91457283E-03
+18.27500E-06,+16.05025120E-03
+18.30000E-06,+20.07035166E-03
+18.32500E-06,+24.09045212E-03
+18.35000E-06,+28.11055258E-03
+18.37500E-06,+32.13065304E-03
+18.40000E-06,+34.14070327E-03
+18.42500E-06,+38.16080373E-03
+18.45000E-06,+42.18090419E-03
+18.47500E-06,+40.17085396E-03
+18.50000E-06,+40.17085396E-03
+18.52500E-06,+40.17085396E-03
+18.55000E-06,+40.17085396E-03
+18.57500E-06,+40.17085396E-03
+18.60000E-06,+40.17085396E-03
+18.62500E-06,+36.15075350E-03
+18.65000E-06,+36.02512536E-03
+18.67500E-06,+34.14070327E-03
+18.70000E-06,+32.13065304E-03
+18.72500E-06,+28.11055258E-03
+18.75000E-06,+27.98492444E-03
+18.77500E-06,+26.10050235E-03
+18.80000E-06,+22.08040189E-03
+18.82500E-06,+20.07035166E-03
+18.85000E-06,+19.94472352E-03
+18.87500E-06,+12.03015074E-03
+18.90000E-06,+10.02010051E-03
+18.92500E-06,+2.10552773E-03
+18.95000E-06,-30.15064E-06
+18.97500E-06,-6.06030133E-03
+19.00000E-06,-10.08040179E-03
+19.02500E-06,-14.10050225E-03
+19.05000E-06,-22.14070316E-03
+19.07500E-06,-26.16080362E-03
+19.10000E-06,-32.19095431E-03
+19.12500E-06,-36.21105477E-03
+19.15000E-06,-38.22110500E-03
+19.17500E-06,-42.24120546E-03
+19.20000E-06,-44.25125569E-03
+19.22500E-06,-48.14572801E-03
+19.25000E-06,-50.28140638E-03
+19.27500E-06,-54.17587870E-03
+19.30000E-06,-54.30150684E-03
+19.32500E-06,-54.17587870E-03
+19.35000E-06,-52.29145661E-03
+19.37500E-06,-50.28140638E-03
+19.40000E-06,-48.27135615E-03
+19.42500E-06,-46.26130592E-03
+19.45000E-06,-42.24120546E-03
+19.47500E-06,-38.22110500E-03
+19.50000E-06,-34.20100454E-03
+19.52500E-06,-30.18090408E-03
+19.55000E-06,-24.15075339E-03
+19.57500E-06,-20.00502479E-03
+19.60000E-06,-16.11055247E-03
+19.62500E-06,-12.09045202E-03
+19.65000E-06,-8.07035156E-03
+19.67500E-06,-4.05025110E-03
+19.70000E-06,+1.97989959E-03
+19.72500E-06,+3.98994982E-03
+19.75000E-06,+8.01005028E-03
+19.77500E-06,+14.04020097E-03
+19.80000E-06,+18.06030143E-03
+19.82500E-06,+22.08040189E-03
+19.85000E-06,+24.09045212E-03
+19.87500E-06,+29.99497467E-03
+19.90000E-06,+32.13065304E-03
+19.92500E-06,+34.14070327E-03
+19.95000E-06,+40.17085396E-03
+19.97500E-06,+40.17085396E-03
+20.00000E-06,+44.06532628E-03
+20.02500E-06,+42.05527605E-03
+20.05000E-06,+42.18090419E-03
+20.07500E-06,+40.17085396E-03
+20.10000E-06,+40.04522582E-03
+20.12500E-06,+36.15075350E-03
+20.15000E-06,+36.15075350E-03
+20.17500E-06,+34.14070327E-03
+20.20000E-06,+34.01507513E-03
+20.22500E-06,+32.00502490E-03
+20.25000E-06,+30.12060281E-03
+20.27500E-06,+27.98492444E-03
+20.30000E-06,+22.08040189E-03
+20.32500E-06,+18.06030143E-03
+20.35000E-06,+17.93467329E-03
+20.37500E-06,+14.04020097E-03
+20.40000E-06,+12.03015074E-03
+20.42500E-06,+3.98994982E-03
+20.45000E-06,+1.97989959E-03
+20.47500E-06,-2.04020087E-03
+20.50000E-06,-8.07035156E-03
+20.52500E-06,-12.09045202E-03
+20.55000E-06,-20.00502479E-03
+20.57500E-06,-22.14070316E-03
+20.60000E-06,-26.16080362E-03
+20.62500E-06,-32.19095431E-03
+20.65000E-06,-36.21105477E-03
+20.67500E-06,-40.23115523E-03
+20.70000E-06,-42.24120546E-03
+20.72500E-06,-46.26130592E-03
+20.75000E-06,-50.15577824E-03
+20.77500E-06,-50.28140638E-03
+20.80000E-06,-50.28140638E-03
+20.82500E-06,-52.29145661E-03
+20.85000E-06,-54.17587870E-03
+20.87500E-06,-54.17587870E-03
+20.90000E-06,-50.28140638E-03
+20.92500E-06,-48.27135615E-03
+20.95000E-06,-44.25125569E-03
+20.97500E-06,-40.23115523E-03
+21.00000E-06,-36.21105477E-03
+21.02500E-06,-32.19095431E-03
+21.05000E-06,-28.17085385E-03
+21.07500E-06,-26.16080362E-03
+21.10000E-06,-20.13065293E-03
+21.12500E-06,-16.11055247E-03
+21.15000E-06,-12.09045202E-03
+21.17500E-06,-8.07035156E-03
+21.20000E-06,-2.04020087E-03
+21.22500E-06,-1.91457273E-03
+21.25000E-06,+6.00000005E-03
+21.27500E-06,+10.02010051E-03
+21.30000E-06,+14.04020097E-03
+21.32500E-06,+16.05025120E-03
+21.35000E-06,+22.08040189E-03
+21.37500E-06,+26.10050235E-03
+21.40000E-06,+32.00502490E-03
+21.42500E-06,+34.14070327E-03
+21.45000E-06,+38.16080373E-03
+21.47500E-06,+38.16080373E-03
+21.50000E-06,+42.18090419E-03
+21.52500E-06,+42.18090419E-03
+21.55000E-06,+42.18090419E-03
+21.57500E-06,+44.06532628E-03
+21.60000E-06,+40.17085396E-03
+21.62500E-06,+42.18090419E-03
+21.65000E-06,+40.04522582E-03
+21.67500E-06,+38.16080373E-03
+21.70000E-06,+36.15075350E-03
+21.72500E-06,+32.13065304E-03
+21.75000E-06,+32.13065304E-03
+21.77500E-06,+28.11055258E-03
+21.80000E-06,+28.11055258E-03
+21.82500E-06,+26.10050235E-03
+21.85000E-06,+22.08040189E-03
+21.87500E-06,+20.07035166E-03
+21.90000E-06,+15.92462306E-03
+21.92500E-06,+10.02010051E-03
+21.95000E-06,+8.01005028E-03
+21.97500E-06,+3.98994982E-03
+22.00000E-06,-30.15064E-06
+22.02500E-06,-5.93467319E-03
+22.05000E-06,-10.08040179E-03
+22.07500E-06,-18.12060270E-03
+22.10000E-06,-22.14070316E-03
+22.12500E-06,-26.16080362E-03
+22.15000E-06,-32.06532617E-03
+22.17500E-06,-34.20100454E-03
+22.20000E-06,-38.22110500E-03
+22.22500E-06,-42.24120546E-03
+22.25000E-06,-42.24120546E-03
+22.27500E-06,-46.26130592E-03
+22.30000E-06,-50.28140638E-03
+22.32500E-06,-52.29145661E-03
+22.35000E-06,-52.29145661E-03
+22.37500E-06,-50.28140638E-03
+22.40000E-06,-52.16582847E-03
+22.42500E-06,-48.27135615E-03
+22.45000E-06,-46.26130592E-03
+22.47500E-06,-42.24120546E-03
+22.50000E-06,-40.23115523E-03
+22.52500E-06,-36.21105477E-03
+22.55000E-06,-32.06532617E-03
+22.57500E-06,-28.17085385E-03
+22.60000E-06,-24.02512525E-03
+22.62500E-06,-18.12060270E-03
+22.65000E-06,-14.10050225E-03
+22.67500E-06,-9.95477365E-03
+22.70000E-06,-4.05025110E-03
+22.72500E-06,-3.92462296E-03
+22.75000E-06,+3.98994982E-03
+22.77500E-06,+8.01005028E-03
+22.80000E-06,+12.03015074E-03
+22.82500E-06,+16.05025120E-03
+22.85000E-06,+20.07035166E-03
+22.87500E-06,+26.10050235E-03
+22.90000E-06,+26.10050235E-03
+22.92500E-06,+32.13065304E-03
+22.95000E-06,+36.15075350E-03
+22.97500E-06,+40.17085396E-03
+23.00000E-06,+40.17085396E-03
+23.02500E-06,+46.07537651E-03
+23.05000E-06,+44.06532628E-03
+23.07500E-06,+44.06532628E-03
+23.10000E-06,+42.18090419E-03
+23.12500E-06,+40.17085396E-03
+23.15000E-06,+40.17085396E-03
+23.17500E-06,+40.17085396E-03
+23.20000E-06,+40.17085396E-03
+23.22500E-06,+36.15075350E-03
+23.25000E-06,+36.02512536E-03
+23.27500E-06,+30.12060281E-03
+23.30000E-06,+26.10050235E-03
+23.32500E-06,+26.10050235E-03
+23.35000E-06,+24.09045212E-03
+23.37500E-06,+20.07035166E-03
+23.40000E-06,+18.06030143E-03
+23.42500E-06,+15.92462306E-03
+23.45000E-06,+11.90452260E-03
+23.47500E-06,+7.88442214E-03
+23.50000E-06,+3.98994982E-03
+23.52500E-06,-2.04020087E-03
+23.55000E-06,-7.94472342E-03
+23.57500E-06,-12.09045202E-03
+23.60000E-06,-16.11055247E-03
+23.62500E-06,-22.14070316E-03
+23.65000E-06,-28.17085385E-03
+23.67500E-06,-34.07537640E-03
+23.70000E-06,-36.21105477E-03
+23.72500E-06,-42.11557732E-03
+23.75000E-06,-46.13567778E-03
+23.77500E-06,-48.27135615E-03
+23.80000E-06,-48.27135615E-03
+23.82500E-06,-52.16582847E-03
+23.85000E-06,-52.29145661E-03
+23.87500E-06,-56.18592893E-03
+23.90000E-06,-54.30150684E-03
+23.92500E-06,-54.17587870E-03
+23.95000E-06,-50.15577824E-03
+23.97500E-06,-46.13567778E-03
+24.00000E-06,-44.25125569E-03
+24.02500E-06,-40.10552709E-03
+24.05000E-06,-38.22110500E-03
+24.07500E-06,-34.20100454E-03
+24.10000E-06,-30.05527594E-03
+24.12500E-06,-26.16080362E-03
+24.15000E-06,-20.13065293E-03
+24.17500E-06,-15.98492434E-03
+24.20000E-06,-10.08040179E-03
+24.22500E-06,-8.07035156E-03
+24.25000E-06,-2.04020087E-03
+24.27500E-06,-30.15064E-06
+24.30000E-06,+6.00000005E-03
+24.32500E-06,+10.02010051E-03
+24.35000E-06,+12.03015074E-03
+24.37500E-06,+18.06030143E-03
+24.40000E-06,+22.08040189E-03
+24.42500E-06,+26.10050235E-03
+24.45000E-06,+29.99497467E-03
+24.47500E-06,+34.01507513E-03
+24.50000E-06,+36.15075350E-03
+24.52500E-06,+38.16080373E-03
+24.55000E-06,+40.17085396E-03
+24.57500E-06,+42.18090419E-03
+24.60000E-06,+42.18090419E-03
+24.62500E-06,+40.17085396E-03
+24.65000E-06,+40.17085396E-03
+24.67500E-06,+40.17085396E-03
+24.70000E-06,+38.03517559E-03
+24.72500E-06,+36.15075350E-03
+24.75000E-06,+36.02512536E-03
+24.77500E-06,+32.13065304E-03
+24.80000E-06,+32.00502490E-03
+24.82500E-06,+28.11055258E-03
+24.85000E-06,+25.97487421E-03
+24.87500E-06,+22.08040189E-03
+24.90000E-06,+19.94472352E-03
+24.92500E-06,+16.05025120E-03
+24.95000E-06,+13.91457283E-03
+24.97500E-06,+12.03015074E-03
